{
  "experiment_name": "lstm_v5_lag",
  "model_type": "lstm",
  "timestamp": "2026-05-01T00:14:31.940266",
  "metrics": {
    "test": {
      "mae": 0.1658351570367813,
      "rmse": 0.2362726628780365,
      "nse": 0.9954373240470886,
      "kge": 0.9900352197038583,
      "kge_r": 0.9978523961070627,
      "kge_alpha": 1.0005639791488647,
      "kge_beta": 0.9902857542037964
    },
    "val": {
      "mae": 0.11805865168571472,
      "rmse": 0.16672632098197937,
      "nse": 0.9971407055854797,
      "kge": 0.9922306139660949,
      "kge_r": 0.9986505552317054,
      "kge_alpha": 1.0043816566467285,
      "kge_beta": 0.9937275648117065
    }
  },
  "training": {
    "epochs_trained": 38,
    "best_epoch": 23,
    "final_train_loss": 0.003966368269175291,
    "final_val_loss": 0.003291013417765498,
    "best_val_loss": 0.0031068739481270313
  }
}