{
  "loss": [
    0.01524445042014122,
    0.006600671447813511,
    0.00585931446403265,
    0.005422139074653387,
    0.005136384628713131,
    0.00491510471329093,
    0.004744279198348522,
    0.004597994964569807,
    0.004487418103963137,
    0.004393424838781357,
    0.004336778540164232,
    0.004303749185055494,
    0.004237004555761814,
    0.004220858681946993,
    0.004205071832984686,
    0.004181365482509136,
    0.0041634212248027325,
    0.004154111724346876,
    0.004126138519495726,
    0.004111006855964661,
    0.004100180231034756,
    0.00408845255151391,
    0.004083428997546434,
    0.004050757735967636,
    0.004044818226248026,
    0.00403811689466238,
    0.004029383882880211,
    0.004020469728857279,
    0.004007021430879831,
    0.003997382707893848,
    0.003992392681539059,
    0.003991901408880949,
    0.0039838580414652824,
    0.003969804849475622,
    0.0039754933677613735,
    0.003961534239351749,
    0.003961378708481789,
    0.003966368269175291
  ],
  "mae": [
    0.08726835250854492,
    0.06118832528591156,
    0.056977275758981705,
    0.05431289225816727,
    0.052439745515584946,
    0.0508643314242363,
    0.049727682024240494,
    0.048706863075494766,
    0.04794454574584961,
    0.04722750931978226,
    0.04682084545493126,
    0.04657893255352974,
    0.04616737365722656,
    0.045989740639925,
    0.04589720815420151,
    0.045808516442775726,
    0.04564155638217926,
    0.04563657194375992,
    0.04535835236310959,
    0.04525526240468025,
    0.045204196125268936,
    0.0451459065079689,
    0.04508911818265915,
    0.04487200081348419,
    0.04482364282011986,
    0.04482533410191536,
    0.044782113283872604,
    0.04470708593726158,
    0.04460814967751503,
    0.04452226683497429,
    0.04453466460108757,
    0.04456879571080208,
    0.04451831802725792,
    0.04448413848876953,
    0.04448491707444191,
    0.04442383721470833,
    0.04441651701927185,
    0.04446667432785034
  ],
  "val_loss": [
    0.0041273836977779865,
    0.0038508307188749313,
    0.0035830941051244736,
    0.0038785855285823345,
    0.0036577899008989334,
    0.003707791678607464,
    0.003465506248176098,
    0.0033765158150345087,
    0.0035798773169517517,
    0.003814851399511099,
    0.003548870561644435,
    0.0034686587750911713,
    0.0031808570493012667,
    0.003137910971418023,
    0.003127939533442259,
    0.0031919931061565876,
    0.0031276445370167494,
    0.0031923274509608746,
    0.0031570822466164827,
    0.0031885127536952496,
    0.0032159730326384306,
    0.003108367556706071,
    0.0031068739481270313,
    0.003229058114811778,
    0.0032316423021256924,
    0.0033057648688554764,
    0.003240142483264208,
    0.0032304206397384405,
    0.0032932052854448557,
    0.003242211416363716,
    0.003294385736808181,
    0.0033186201471835375,
    0.0032688090577721596,
    0.003293035551905632,
    0.003293117508292198,
    0.0032968539744615555,
    0.0033055064268410206,
    0.003291013417765498
  ],
  "val_mae": [
    0.04848288744688034,
    0.04644918441772461,
    0.04438795894384384,
    0.04689212515950203,
    0.04518682509660721,
    0.04551539570093155,
    0.04363402724266052,
    0.0428813099861145,
    0.04460741579532623,
    0.04658544436097145,
    0.044398363679647446,
    0.04370962455868721,
    0.04135297238826752,
    0.041031405329704285,
    0.04091954231262207,
    0.04150410741567612,
    0.04094947874546051,
    0.04149581491947174,
    0.04122219607234001,
    0.041494254022836685,
    0.04174678400158882,
    0.040814634412527084,
    0.04085481911897659,
    0.041850410401821136,
    0.04188976809382439,
    0.04252219572663307,
    0.041937701404094696,
    0.041877955198287964,
    0.042403433471918106,
    0.04198528081178665,
    0.04242466017603874,
    0.04263141006231308,
    0.04220297187566757,
    0.04241398721933365,
    0.04241073876619339,
    0.042439479380846024,
    0.042518310248851776,
    0.04239227622747421
  ],
  "learning_rate": [
    0.0010000000474974513,
    0.0010000000474974513,
    0.0010000000474974513,
    0.0010000000474974513,
    0.0010000000474974513,
    0.0010000000474974513,
    0.0010000000474974513,
    0.0010000000474974513,
    0.0010000000474974513,
    0.0010000000474974513,
    0.0010000000474974513,
    0.0010000000474974513,
    0.0005000000237487257,
    0.0005000000237487257,
    0.0005000000237487257,
    0.0005000000237487257,
    0.0005000000237487257,
    0.0005000000237487257,
    0.0002500000118743628,
    0.0002500000118743628,
    0.0002500000118743628,
    0.0002500000118743628,
    0.0002500000118743628,
    0.0001250000059371814,
    0.0001250000059371814,
    0.0001250000059371814,
    0.0001250000059371814,
    0.0001250000059371814,
    6.25000029685907e-05,
    6.25000029685907e-05,
    6.25000029685907e-05,
    6.25000029685907e-05,
    6.25000029685907e-05,
    3.125000148429535e-05,
    3.125000148429535e-05,
    3.125000148429535e-05,
    3.125000148429535e-05,
    3.125000148429535e-05
  ]
}