{
  "experiment_name": "ensemble_residual_lb90",
  "model_type": "lstm_ensemble_n5",
  "n_members": 5,
  "seeds": [
    42,
    123,
    456,
    789,
    1011
  ],
  "metrics": {
    "test": {
      "mae": 0.15494626760482788,
      "rmse": 0.2296200841665268,
      "nse": 0.9947201809845865,
      "kge": 0.995746474809219,
      "kge_r": 0.997376427889852,
      "kge_alpha": 1.0015442371368408,
      "kge_beta": 0.9970293641090393
    },
    "val": {
      "mae": 0.1618175357580185,
      "rmse": 0.23461905121803284,
      "nse": 0.9949711784720421,
      "kge": 0.9936484877954067,
      "kge_r": 0.9975064436263128,
      "kge_alpha": 0.9955105781555176,
      "kge_beta": 0.9962624907493591
    }
  },
  "config": {
    "lookback": 90,
    "use_residual": true
  }
}