{
  "experiment_name": "lstm_base",
  "model_type": "lstm",
  "timestamp": "2026-04-30T22:26:24.574033",
  "metrics": {
    "test": {
      "mae": 0.5808890461921692,
      "rmse": 0.7482479810714722,
      "nse": 0.9539175033569336,
      "kge": 0.8871315731080145,
      "kge_r": 0.9811996758154268,
      "kge_alpha": 0.8893284201622009,
      "kge_beta": 0.9882683753967285
    },
    "val": {
      "mae": 0.3483261466026306,
      "rmse": 0.4403248131275177,
      "nse": 0.9806325435638428,
      "kge": 0.9638190883066378,
      "kge_r": 0.9906152068372049,
      "kge_alpha": 0.9652401208877563,
      "kge_beta": 0.9964314103126526
    }
  },
  "training": {
    "epochs_trained": 19,
    "best_epoch": 4,
    "final_train_loss": 0.0010828034719452262,
    "final_val_loss": 0.0026218323037028313,
    "best_val_loss": 0.0015994536224752665
  }
}