{
  "experiment_name": "lstm_base",
  "model_type": "lstm",
  "timestamp": "2026-04-28T18:17:24.059277",
  "metrics": {
    "test": {
      "mae": 0.5166253447532654,
      "rmse": 0.6904453039169312,
      "nse": 0.9588028788566589,
      "kge": 0.875561041205562,
      "kge_r": 0.986217729278067,
      "kge_alpha": 0.8802433013916016,
      "kge_beta": 0.9691222310066223
    },
    "val": {
      "mae": 0.2643393874168396,
      "rmse": 0.3370947539806366,
      "nse": 0.9896429181098938,
      "kge": 0.9610554869851529,
      "kge_r": 0.9954096281298457,
      "kge_alpha": 0.9615280628204346,
      "kge_beta": 0.9960612654685974
    }
  },
  "training": {
    "epochs_trained": 21,
    "best_epoch": 6,
    "final_train_loss": 0.001113025238737464,
    "final_val_loss": 0.0014854016480967402,
    "best_val_loss": 0.0010526231490075588
  }
}