{
  "loss": [
    0.03564806655049324,
    0.0060529462061822414,
    0.004650943912565708,
    0.0035873001907020807,
    0.002950430614873767,
    0.00267849606461823,
    0.0021775320637971163,
    0.0020030552987009287,
    0.0019283806905150414,
    0.0016010397812351584,
    0.001552323461510241,
    0.0014989894116297364,
    0.001412422745488584,
    0.0013985286932438612,
    0.0012528573861345649,
    0.0012354548089206219,
    0.0012318406952545047,
    0.001213274896144867,
    0.0011972181964665651,
    0.0011598645942285657,
    0.001113025238737464
  ],
  "mae": [
    0.11787714064121246,
    0.05680644512176514,
    0.04971647635102272,
    0.04366688430309296,
    0.03978030011057854,
    0.03802437335252762,
    0.03497285768389702,
    0.03350786864757538,
    0.03305049240589142,
    0.030410273000597954,
    0.030054399743676186,
    0.029427500441670418,
    0.028732098639011383,
    0.028422120958566666,
    0.027037080377340317,
    0.026791958138346672,
    0.02666725218296051,
    0.026600105687975883,
    0.026471083983778954,
    0.02604643628001213,
    0.025472193956375122
  ],
  "val_loss": [
    0.002299775369465351,
    0.0013110066065564752,
    0.0027196418959647417,
    0.0011511255288496614,
    0.0012504662154242396,
    0.0010526231490075588,
    0.0012546548387035728,
    0.0011955020017921925,
    0.0012610609410330653,
    0.0012096596183255315,
    0.0013810417149215937,
    0.001336100627668202,
    0.001495699631050229,
    0.0014363263035193086,
    0.0012886598706245422,
    0.0013233068166300654,
    0.0013995325425639749,
    0.001217126613482833,
    0.0012772200861945748,
    0.001461576553992927,
    0.0014854016480967402
  ],
  "val_mae": [
    0.03689354285597801,
    0.027755917981266975,
    0.04066941514611244,
    0.027038542553782463,
    0.027386467903852463,
    0.025441713631153107,
    0.02782868966460228,
    0.02725251391530037,
    0.02782163769006729,
    0.02735343761742115,
    0.029092291370034218,
    0.028839370235800743,
    0.029843449592590332,
    0.030234208330512047,
    0.02804218791425228,
    0.028085047379136086,
    0.02855418436229229,
    0.02725185453891754,
    0.028235625475645065,
    0.029162630438804626,
    0.029528120532631874
  ],
  "learning_rate": [
    0.0010000000474974513,
    0.0010000000474974513,
    0.0010000000474974513,
    0.0010000000474974513,
    0.0010000000474974513,
    0.0010000000474974513,
    0.0010000000474974513,
    0.0010000000474974513,
    0.0010000000474974513,
    0.0005000000237487257,
    0.0005000000237487257,
    0.0005000000237487257,
    0.0005000000237487257,
    0.0005000000237487257,
    0.0002500000118743628,
    0.0002500000118743628,
    0.0002500000118743628,
    0.0002500000118743628,
    0.0002500000118743628,
    0.0001250000059371814,
    0.0001250000059371814
  ]
}