{
  "loss": [
    0.024882560595870018,
    0.004979233257472515,
    0.0037277797237038612,
    0.0032123213168233633,
    0.0026107619050890207,
    0.002229450037702918,
    0.001926625962369144,
    0.0018139455933123827,
    0.0016416347352787852,
    0.0014179314021021128,
    0.0013835084391757846,
    0.0013464393559843302,
    0.0012584230862557888,
    0.0012148795649409294,
    0.0011618317803367972,
    0.0011080127442255616,
    0.0011029137531295419,
    0.0010968033457174897,
    0.0010828034719452262
  ],
  "mae": [
    0.09984295070171356,
    0.05247027054429054,
    0.04575690999627113,
    0.04250582307577133,
    0.03871684893965721,
    0.03591877967119217,
    0.03363466262817383,
    0.03283824026584625,
    0.031142529100179672,
    0.02895900420844555,
    0.028639957308769226,
    0.028062796220183372,
    0.027389081194996834,
    0.02687659300863743,
    0.02630063146352768,
    0.02568862959742546,
    0.02568560466170311,
    0.02548903413116932,
    0.02527865394949913
  ],
  "val_loss": [
    0.0031155794858932495,
    0.0023706702049821615,
    0.002983052283525467,
    0.0015994536224752665,
    0.0032495225314050913,
    0.001971770776435733,
    0.0022172844037413597,
    0.0020615921821445227,
    0.0020901598036289215,
    0.002327209571376443,
    0.002578615676611662,
    0.0019315194804221392,
    0.003256421536207199,
    0.002965102903544903,
    0.0028714437503367662,
    0.002469523809850216,
    0.0028662809636443853,
    0.002807508921250701,
    0.0026218323037028313
  ],
  "val_mae": [
    0.04500363767147064,
    0.03914537653326988,
    0.04270709678530693,
    0.03163725137710571,
    0.04432836174964905,
    0.035092927515506744,
    0.03691674768924713,
    0.03644658997654915,
    0.036063116043806076,
    0.03832271322607994,
    0.039647188037633896,
    0.033853571861982346,
    0.04417876899242401,
    0.04234551638364792,
    0.04207199811935425,
    0.03830825909972191,
    0.04106150195002556,
    0.0405053086578846,
    0.039382267743349075
  ],
  "learning_rate": [
    0.0010000000474974513,
    0.0010000000474974513,
    0.0010000000474974513,
    0.0010000000474974513,
    0.0010000000474974513,
    0.0010000000474974513,
    0.0010000000474974513,
    0.0010000000474974513,
    0.0010000000474974513,
    0.0005000000237487257,
    0.0005000000237487257,
    0.0005000000237487257,
    0.0005000000237487257,
    0.0005000000237487257,
    0.0002500000118743628,
    0.0002500000118743628,
    0.0002500000118743628,
    0.0002500000118743628,
    0.0002500000118743628
  ]
}