{
  "experiment_name": "lstm_heavy",
  "model_type": "lstm",
  "timestamp": "2026-04-28T19:38:52.348372",
  "metrics": {
    "test": {
      "mae": 0.44007450342178345,
      "rmse": 0.5737416744232178,
      "nse": 0.9715526830404997,
      "kge": 0.9007784007945525,
      "kge_r": 0.989989302118383,
      "kge_alpha": 0.9031311869621277,
      "kge_beta": 0.9809961915016174
    },
    "val": {
      "mae": 0.2579349875450134,
      "rmse": 0.33007562160491943,
      "nse": 0.9900697683915496,
      "kge": 0.9601222348547557,
      "kge_r": 0.9956480906073959,
      "kge_alpha": 0.960361123085022,
      "kge_beta": 0.9997623562812805
    }
  },
  "training": {
    "epochs_trained": 36,
    "best_epoch": 21,
    "final_train_loss": 0.0008151560905389488,
    "final_val_loss": 0.0011532972566783428,
    "best_val_loss": 0.001009567640721798
  }
}