{
  "loss": [
    0.013772726990282536,
    0.0041757067665457726,
    0.003090746235102415,
    0.0026668054051697254,
    0.0025102400686591864,
    0.0018670529825612903,
    0.0017066055443137884,
    0.0016541847726330161,
    0.0014057940570637584,
    0.0013236220693215728,
    0.0013118487549945712,
    0.0012233892921358347,
    0.0011267546797171235,
    0.0011070341570302844,
    0.0010824922937899828,
    0.0010523725068196654,
    0.0010385564528405666,
    0.0009863934246823192,
    0.0009425501921214163,
    0.0009353537461720407,
    0.000945703883189708,
    0.000885537825524807,
    0.0008908414165489376,
    0.0008583002490922809,
    0.0008895661449059844,
    0.0008826934499666095,
    0.0008574655512347817,
    0.0008544949814677238,
    0.0008328254916705191,
    0.0008384890970773995,
    0.0007986730197444558,
    0.000856535043567419,
    0.0008223362965509295,
    0.0008083637803792953,
    0.0008207569480873644,
    0.0008151560905389488
  ],
  "mae": [
    0.07895636558532715,
    0.0475044809281826,
    0.04093990474939346,
    0.0381951779127121,
    0.03681929036974907,
    0.03232831507921219,
    0.030775070190429688,
    0.03052683360874653,
    0.02804415486752987,
    0.027353564277291298,
    0.02722780592739582,
    0.026339862495660782,
    0.025408189743757248,
    0.025002816691994667,
    0.024804923683404922,
    0.02452176995575428,
    0.024351777508854866,
    0.023805800825357437,
    0.023235080763697624,
    0.023106379434466362,
    0.023310476914048195,
    0.022598866373300552,
    0.022647490724921227,
    0.022367557510733604,
    0.02255852334201336,
    0.02249346859753132,
    0.02228698879480362,
    0.022125281393527985,
    0.02186008170247078,
    0.022034358233213425,
    0.0215610321611166,
    0.02215086854994297,
    0.02180936001241207,
    0.021524274721741676,
    0.021870147436857224,
    0.02173944190144539
  ],
  "val_loss": [
    0.002013350836932659,
    0.0016600580420345068,
    0.0010969664435833693,
    0.0010986890411004424,
    0.001524641178548336,
    0.002089963061735034,
    0.0010423959465697408,
    0.001022884389385581,
    0.0011819538194686174,
    0.001250073197297752,
    0.0014839009381830692,
    0.001436738995835185,
    0.0012219460913911462,
    0.0010610338067635894,
    0.0010917114559561014,
    0.001176638645119965,
    0.0012365446891635656,
    0.0011536998208612204,
    0.0010803546756505966,
    0.0011774994200095534,
    0.001009567640721798,
    0.0010285698808729649,
    0.0011339329648762941,
    0.0011337840696796775,
    0.0012020149733871222,
    0.0012277754722163081,
    0.0013008859241381288,
    0.0011494638165459037,
    0.0011340891942381859,
    0.0011492352932691574,
    0.0011378442868590355,
    0.001220178441144526,
    0.0011598275741562247,
    0.0011743002105504274,
    0.0012041052104905248,
    0.0011532972566783428
  ],
  "val_mae": [
    0.034681763499975204,
    0.030955784022808075,
    0.025777917355298996,
    0.025784075260162354,
    0.029915226623415947,
    0.03454736992716789,
    0.025250453501939774,
    0.024901848286390305,
    0.027447985485196114,
    0.028172269463539124,
    0.029479002580046654,
    0.029731350019574165,
    0.028167210519313812,
    0.025555089116096497,
    0.02644537389278412,
    0.02720087766647339,
    0.027908796444535255,
    0.02692711167037487,
    0.025454824790358543,
    0.026885759085416794,
    0.024829234927892685,
    0.025148672983050346,
    0.02669883519411087,
    0.026283711194992065,
    0.027679968625307083,
    0.027113109827041626,
    0.028285719454288483,
    0.02648008242249489,
    0.026398276910185814,
    0.026737209409475327,
    0.026697801426053047,
    0.02723858319222927,
    0.026807798072695732,
    0.026970289647579193,
    0.027182647958397865,
    0.026740528643131256
  ],
  "lr": [
    0.0010000000474974513,
    0.0010000000474974513,
    0.0010000000474974513,
    0.0010000000474974513,
    0.0010000000474974513,
    0.0010000000474974513,
    0.0010000000474974513,
    0.0010000000474974513,
    0.0005000000237487257,
    0.0005000000237487257,
    0.0005000000237487257,
    0.0005000000237487257,
    0.0005000000237487257,
    0.0002500000118743628,
    0.0002500000118743628,
    0.0002500000118743628,
    0.0002500000118743628,
    0.0002500000118743628,
    0.0001250000059371814,
    0.0001250000059371814,
    0.0001250000059371814,
    0.0001250000059371814,
    0.0001250000059371814,
    6.25000029685907e-05,
    6.25000029685907e-05,
    6.25000029685907e-05,
    6.25000029685907e-05,
    6.25000029685907e-05,
    3.125000148429535e-05,
    3.125000148429535e-05,
    3.125000148429535e-05,
    3.125000148429535e-05,
    3.125000148429535e-05,
    1.5625000742147677e-05,
    1.5625000742147677e-05,
    1.5625000742147677e-05
  ]
}