{
  "experiment_name": "ensemble_residual_lb90_lags",
  "model_type": "lstm_ensemble_n5",
  "n_members": 5,
  "seeds": [
    42,
    123,
    456,
    789,
    1011
  ],
  "metrics": {
    "test": {
      "mae": 0.15328310430049896,
      "rmse": 0.2298840880393982,
      "nse": 0.9947080332785845,
      "kge": 0.9949556844238868,
      "kge_r": 0.9973778517184598,
      "kge_alpha": 1.0032645463943481,
      "kge_beta": 0.9971871376037598
    },
    "val": {
      "mae": 0.15655815601348877,
      "rmse": 0.22972041368484497,
      "nse": 0.9951789807528257,
      "kge": 0.9967027310807037,
      "kge_r": 0.9975960454046358,
      "kge_alpha": 0.9995041489601135,
      "kge_beta": 0.9977983832359314
    }
  },
  "config": {
    "lookback": 90,
    "use_residual": true
  }
}