{
  "experiment_name": "lstm_v6_seasonal",
  "model_type": "lstm",
  "timestamp": "2026-05-01T00:32:15.546951",
  "metrics": {
    "test": {
      "mae": 0.15519064664840698,
      "rmse": 0.22272415459156036,
      "nse": 0.9959455728530884,
      "kge": 0.9963593551215466,
      "kge_r": 0.9979835228805142,
      "kge_alpha": 1.0030263662338257,
      "kge_beta": 1.0001709461212158
    },
    "val": {
      "mae": 0.11896482110023499,
      "rmse": 0.16782759130001068,
      "nse": 0.9971027970314026,
      "kge": 0.9960626113044233,
      "kge_r": 0.9985633856511733,
      "kge_alpha": 1.003665804862976,
      "kge_beta": 0.9999676942825317
    }
  },
  "training": {
    "epochs_trained": 36,
    "best_epoch": 21,
    "final_train_loss": 0.0038936883211135864,
    "final_val_loss": 0.003124039154499769,
    "best_val_loss": 0.003104196395725012
  }
}