{
  "loss": [
    0.01464812271296978,
    0.006462463643401861,
    0.005735267419368029,
    0.005407378077507019,
    0.005149252712726593,
    0.0048988694325089455,
    0.004764530807733536,
    0.004653269425034523,
    0.004505073186010122,
    0.004437363240867853,
    0.004383845720440149,
    0.004328401293605566,
    0.0042526633478701115,
    0.004228333942592144,
    0.00421651266515255,
    0.004184538032859564,
    0.004162581171840429,
    0.00415376853197813,
    0.004124257247895002,
    0.004134889226406813,
    0.004107616376131773,
    0.004050293937325478,
    0.004045517183840275,
    0.004049877170473337,
    0.00402027927339077,
    0.004007060080766678,
    0.0039699627086520195,
    0.003965129144489765,
    0.003953719045966864,
    0.003961511887609959,
    0.0039372374303638935,
    0.0039196619763970375,
    0.0039137015119194984,
    0.0039047112222760916,
    0.0039081997238099575,
    0.0038936883211135864
  ],
  "mae": [
    0.08582952618598938,
    0.06061992421746254,
    0.0563446469604969,
    0.054310139268636703,
    0.05263477936387062,
    0.051003072410821915,
    0.05005987733602524,
    0.04926605522632599,
    0.04815200716257095,
    0.04770458862185478,
    0.0472898855805397,
    0.04684942215681076,
    0.04628236964344978,
    0.04616127163171768,
    0.046050652861595154,
    0.04584992676973343,
    0.045687638223171234,
    0.045705217868089676,
    0.04548237472772598,
    0.04560854658484459,
    0.045406367629766464,
    0.04498391970992088,
    0.04496907815337181,
    0.04499064385890961,
    0.0448535680770874,
    0.04478823021054268,
    0.04451354220509529,
    0.0445040687918663,
    0.04443248361349106,
    0.04446990042924881,
    0.04438329488039017,
    0.04426288232207298,
    0.04422726854681969,
    0.044175371527671814,
    0.044220034033060074,
    0.044121094048023224
  ],
  "val_loss": [
    0.004104378633201122,
    0.00371836987324059,
    0.0033719062339514494,
    0.003764296881854534,
    0.003511935705319047,
    0.0032910483423620462,
    0.003210043301805854,
    0.003329589031636715,
    0.003149493131786585,
    0.0031746262684464455,
    0.003129960736259818,
    0.00313792796805501,
    0.0031173136085271835,
    0.0031372150406241417,
    0.0031347849871963263,
    0.003105090232565999,
    0.0031063137575984,
    0.0031233266927301884,
    0.0031358159612864256,
    0.003136269049718976,
    0.003104196395725012,
    0.0031514831352978945,
    0.0031141266226768494,
    0.0031213865149766207,
    0.0031492896378040314,
    0.0031343898735940456,
    0.003124641254544258,
    0.0031184733379632235,
    0.0031157040502876043,
    0.003132496029138565,
    0.0031163529492914677,
    0.0031200828962028027,
    0.003137777792289853,
    0.0031330047640949488,
    0.0031409594230353832,
    0.003124039154499769
  ],
  "val_mae": [
    0.04848213121294975,
    0.0455617681145668,
    0.04263760522007942,
    0.04602864012122154,
    0.04393961653113365,
    0.042021121829748154,
    0.041358765214681625,
    0.042366161942481995,
    0.040896251797676086,
    0.041046205908060074,
    0.040728211402893066,
    0.04091109707951546,
    0.04075811058282852,
    0.041002776473760605,
    0.04079056531190872,
    0.04067491367459297,
    0.04067099466919899,
    0.040770743042230606,
    0.0410945899784565,
    0.04087100178003311,
    0.04078590124845505,
    0.041339799761772156,
    0.04097811132669449,
    0.041036348789930344,
    0.04136567935347557,
    0.0412435419857502,
    0.041129738092422485,
    0.041098035871982574,
    0.041030142456293106,
    0.04123319685459137,
    0.04104737564921379,
    0.04109602048993111,
    0.04124712571501732,
    0.04123714193701744,
    0.04131177440285683,
    0.04118058457970619
  ],
  "learning_rate": [
    0.0010000000474974513,
    0.0010000000474974513,
    0.0010000000474974513,
    0.0010000000474974513,
    0.0010000000474974513,
    0.0010000000474974513,
    0.0010000000474974513,
    0.0010000000474974513,
    0.0010000000474974513,
    0.0010000000474974513,
    0.0010000000474974513,
    0.0010000000474974513,
    0.0005000000237487257,
    0.0005000000237487257,
    0.0005000000237487257,
    0.0005000000237487257,
    0.0005000000237487257,
    0.0005000000237487257,
    0.0005000000237487257,
    0.0005000000237487257,
    0.0005000000237487257,
    0.0002500000118743628,
    0.0002500000118743628,
    0.0002500000118743628,
    0.0002500000118743628,
    0.0002500000118743628,
    0.0001250000059371814,
    0.0001250000059371814,
    0.0001250000059371814,
    0.0001250000059371814,
    0.0001250000059371814,
    6.25000029685907e-05,
    6.25000029685907e-05,
    6.25000029685907e-05,
    6.25000029685907e-05,
    6.25000029685907e-05
  ]
}