{
  "experiment_name": "transformer_v2_residual",
  "model_type": "transformer",
  "timestamp": "2026-04-30T20:57:49.682889",
  "metrics": {
    "test": {
      "mae": 0.13843956589698792,
      "rmse": 0.19976015388965607,
      "nse": 0.9958418607711792,
      "kge": 0.9901389791248552,
      "kge_r": 0.9980062650595056,
      "kge_alpha": 1.0076290369033813,
      "kge_beta": 1.0059213638305664
    },
    "val": {
      "mae": 0.1599355936050415,
      "rmse": 0.23175422847270966,
      "nse": 0.9950533509254456,
      "kge": 0.99738229892847,
      "kge_r": 0.9975250553436109,
      "kge_alpha": 0.9991759061813354,
      "kge_beta": 0.9997811913490295
    }
  },
  "training": {
    "epochs_trained": 62,
    "best_epoch": 52,
    "final_train_loss": 0.00019307944913718163,
    "final_val_loss": 0.0003917985925484984,
    "best_val_loss": 0.0003831350662783752
  }
}