{
  "loss": [
    0.0034182716984072284,
    0.00106529420172185,
    0.000802239629382646,
    0.0006517150765688697,
    0.0005628885636868606,
    0.0004985691054461279,
    0.0004536761630245308,
    0.00042090600582181316,
    0.0003900559507336519,
    0.00037037090558432744,
    0.0003473235312466011,
    0.0003338761635673786,
    0.0003205653658872187,
    0.0003095854869864953,
    0.00030180197294503474,
    0.00029045607506076357,
    0.0002862587136209064,
    0.0002814171131324504,
    0.00027397502499211025,
    0.0002689015529269683,
    0.0002649793910197182,
    0.0002621041396737304,
    0.00025450436907321184,
    0.0002523117786335322,
    0.00024901591865979705,
    0.0002471840064090044,
    0.00024382873453152832,
    0.00024142208536581924,
    0.00024168817536980195,
    0.00023636187983419477,
    0.0002348870506274152,
    0.00023232962437043814,
    0.00022840575497943877,
    0.0002266172264077031,
    0.00022548138770017064,
    0.00022785198693960098,
    0.00022153323565770493,
    0.00022025104155638092,
    0.0002167228813824409,
    0.00021804396931322188,
    0.00021658985174251294,
    0.00021335430978612442,
    0.00021291826947632478,
    0.0002100907277036689,
    0.00021026261652967623,
    0.00020813358492373845,
    0.00020865660538385347,
    0.00020504903132701974,
    0.00020524680753197645,
    0.0002040169247473463,
    0.00020332671397275436,
    0.00019994571429430888,
    0.00020227084632645399,
    0.00019887968474964593,
    0.000197255106443724,
    0.0001984502998038203,
    0.00019676422097811383,
    0.00019701683247076742,
    0.0001916812794548184,
    0.0001950130236880163,
    0.0001930362884736749,
    0.00019307944913718163
  ],
  "val_loss": [
    0.0005641661444284274,
    0.0005382078534231441,
    0.0004959461960674037,
    0.0004834174477886973,
    0.0004698624757050398,
    0.0004657614673134754,
    0.00045952169955409,
    0.00046607175023385543,
    0.00045827828411758114,
    0.0004576290148382227,
    0.00045431578337351135,
    0.00046258294701710824,
    0.0004620856284211663,
    0.00046483750974744505,
    0.0004522515513863993,
    0.0004505036514508725,
    0.0004659120453397821,
    0.000445214931108099,
    0.000442446085442037,
    0.0004437661921459248,
    0.00045347282924480825,
    0.000435030307288653,
    0.00043336629952087227,
    0.00042744739954509375,
    0.00042362661204981244,
    0.00042237189609701115,
    0.0004202332742519288,
    0.0004166418442826213,
    0.00041570819036397056,
    0.0004095815971201281,
    0.0004073592531349407,
    0.000403883949448259,
    0.00041364822874737143,
    0.00040350476376746383,
    0.00039932686121250363,
    0.00039554530923752434,
    0.00039905608909156416,
    0.00039670176980194507,
    0.0003940547548212031,
    0.0003921095679894615,
    0.00039234241628753526,
    0.00040202895284278934,
    0.0003999919920534985,
    0.0003991247565549093,
    0.00039359386837945707,
    0.00040013187695344467,
    0.00038668544650207425,
    0.00039109258845416924,
    0.0004074451050211831,
    0.000395700642637606,
    0.0003900449636498637,
    0.0003831350662783752,
    0.0003968051937034887,
    0.00038496555496621163,
    0.0004027766052194864,
    0.0003926815317574403,
    0.00039494755451694585,
    0.0003939837752000232,
    0.0003871174445232488,
    0.00039837654619469384,
    0.0003949178069751846,
    0.0003917985925484984
  ]
}