{
  "experiment_name": "ensemble_transformer_huber",
  "model_type": "transformer_ensemble_n5",
  "timestamp": "2026-04-30T23:35:49.647351",
  "metrics": {
    "test": {
      "mae": 0.1340768039226532,
      "rmse": 0.19757361710071564,
      "nse": 0.995932400226593,
      "kge": 0.9919275140087497,
      "kge_r": 0.9980346331710209,
      "kge_alpha": 1.004122257232666,
      "kge_beta": 1.006656527519226
    },
    "test_bias_corrected": {
      "mae": 0.13377732038497925,
      "rmse": 0.19724546372890472,
      "nse": 0.995945930480957,
      "kge": 0.9922931389209345,
      "kge_r": 0.9980346330955456,
      "kge_alpha": 1.004122257232666,
      "kge_beta": 1.006208062171936
    },
    "val": {
      "mae": 0.1539773792028427,
      "rmse": 0.222615584731102,
      "nse": 0.9954357743263245,
      "kge": 0.996787658364315,
      "kge_r": 0.9977154878919754,
      "kge_alpha": 0.9977692365646362,
      "kge_beta": 1.000351905822754
    }
  },
  "n_members": 5,
  "seeds": [
    42,
    123,
    456,
    789,
    1011
  ],
  "use_residual": true,
  "arch": {
    "d_model": 64,
    "nhead": 4,
    "num_layers": 2,
    "dim_feedforward": 128,
    "lookback": 150
  }
}