{
  "experiment_name": "lstm_residual",
  "model_type": "lstm",
  "timestamp": "2026-04-29T18:43:08.338388",
  "metrics": {
    "test": {
      "mae": 0.17254948616027832,
      "rmse": 0.24948853254318237,
      "nse": 0.9946779869496822,
      "kge": 0.9925474944253181,
      "kge_r": 0.9973919398790964,
      "kge_alpha": 1.0054413080215454,
      "kge_beta": 0.9956262111663818
    },
    "val": {
      "mae": 0.16633905470371246,
      "rmse": 0.23820221424102783,
      "nse": 0.9949827725067735,
      "kge": 0.9944438250210199,
      "kge_r": 0.9974946711615169,
      "kge_alpha": 0.9953428506851196,
      "kge_beta": 0.9982954859733582
    }
  },
  "training": {
    "epochs_trained": 18,
    "best_epoch": 3,
    "final_train_loss": 0.00022469679242931306,
    "final_val_loss": 0.00042066234163939953,
    "best_val_loss": 0.0004047639959026128
  }
}