{
  "loss": [
    0.000958958815317601,
    0.0003508502268232405,
    0.0003099240129813552,
    0.00029033265309408307,
    0.00027803084230981767,
    0.0002675422583706677,
    0.0002556168765295297,
    0.0002509734476916492,
    0.0002479473187122494,
    0.0002471512707415968,
    0.00023972874623723328,
    0.00023677063290961087,
    0.00023231662635225803,
    0.00023255564155988395,
    0.00022993369202595204,
    0.00022779416758567095,
    0.0002236843283753842,
    0.00022469679242931306
  ],
  "mae": [
    0.020454399287700653,
    0.013633026741445065,
    0.012656944803893566,
    0.012219852767884731,
    0.011926918290555477,
    0.011681484058499336,
    0.011445553041994572,
    0.011335120536386967,
    0.011238005943596363,
    0.01120848674327135,
    0.011061006225645542,
    0.010998005978763103,
    0.010902076959609985,
    0.010910386219620705,
    0.010833567008376122,
    0.01079127099364996,
    0.010675736702978611,
    0.010710635222494602
  ],
  "val_loss": [
    0.0004706208419520408,
    0.00042801364907063544,
    0.0004047639959026128,
    0.0004074700700584799,
    0.00043085162178613245,
    0.00044199975673109293,
    0.00043768665636889637,
    0.0004320301814004779,
    0.0004489091516006738,
    0.00046475839917548,
    0.00041947540012188256,
    0.0004321573069319129,
    0.00044397846795618534,
    0.0004189421597402543,
    0.000427318416768685,
    0.0004153320915065706,
    0.0004364356864243746,
    0.00042066234163939953
  ],
  "val_mae": [
    0.015305953100323677,
    0.014368616975843906,
    0.01404887530952692,
    0.014139498583972454,
    0.014682542532682419,
    0.014807255938649178,
    0.01479253824800253,
    0.014667688868939877,
    0.0148880360648036,
    0.015182639472186565,
    0.014390846714377403,
    0.014661861583590508,
    0.014812707901000977,
    0.014481037855148315,
    0.014569051563739777,
    0.014361361041665077,
    0.014705702662467957,
    0.014456360600888729
  ],
  "lr": [
    0.0010000000474974513,
    0.0010000000474974513,
    0.0010000000474974513,
    0.0010000000474974513,
    0.0010000000474974513,
    0.0010000000474974513,
    0.0005000000237487257,
    0.0005000000237487257,
    0.0005000000237487257,
    0.0005000000237487257,
    0.0005000000237487257,
    0.0002500000118743628,
    0.0002500000118743628,
    0.0002500000118743628,
    0.0002500000118743628,
    0.0002500000118743628,
    0.0001250000059371814,
    0.0001250000059371814
  ]
}