{
  "experiment_name": "lstm_residual_lb90",
  "model_type": "lstm",
  "timestamp": "2026-04-29T18:59:39.805112",
  "metrics": {
    "test": {
      "mae": 0.15894505381584167,
      "rmse": 0.23210541903972626,
      "nse": 0.994605268817395,
      "kge": 0.9939957886015331,
      "kge_r": 0.997336550604899,
      "kge_alpha": 1.0042842626571655,
      "kge_beta": 0.9967439770698547
    },
    "val": {
      "mae": 0.16160112619400024,
      "rmse": 0.23661521077156067,
      "nse": 0.9948852430097759,
      "kge": 0.9953390470341195,
      "kge_r": 0.9974589593693942,
      "kge_alpha": 0.9982587695121765,
      "kge_beta": 0.9965020418167114
    }
  },
  "training": {
    "epochs_trained": 55,
    "best_epoch": 40,
    "final_train_loss": 0.00020961435802746564,
    "final_val_loss": 0.0004013658908661455,
    "best_val_loss": 0.0003993759455624968
  }
}