{
  "loss": [
    0.0009200943750329316,
    0.0003518169396556914,
    0.00031175921321846545,
    0.0002904909779317677,
    0.0002804861869663,
    0.0002678649907466024,
    0.0002591734810266644,
    0.0002528715704102069,
    0.0002472694613970816,
    0.0002451978507451713,
    0.000243500413489528,
    0.000236968815443106,
    0.00023454954498447478,
    0.0002327398833585903,
    0.00023112025519367307,
    0.00022967993572819978,
    0.00022385903866961598,
    0.00022454310965258628,
    0.00022387676290236413,
    0.00021903512242715806,
    0.00022130119032226503,
    0.00021979105076752603,
    0.00021815173386130482,
    0.0002163105527870357,
    0.00021713371097575873,
    0.0002174694964196533,
    0.0002151740191038698,
    0.0002146167535101995,
    0.00021543874754570425,
    0.00021511288650799543,
    0.00021353448391892016,
    0.00021122914040461183,
    0.00021205336088314652,
    0.0002139337157132104,
    0.00021159806055948138,
    0.00021439763077069074,
    0.0002111072972184047,
    0.0002097922988468781,
    0.00021060602739453316,
    0.00021115137496963143,
    0.00021163671044632792,
    0.00021011914941482246,
    0.00021143123740330338,
    0.00021069198555778712,
    0.00021042539447080344,
    0.00020998185209464282,
    0.0002085583400912583,
    0.00020975452207494527,
    0.00021045446919742972,
    0.00021041426225565374,
    0.00021072784147690982,
    0.00020851734734605998,
    0.00021063655731268227,
    0.0002099227422149852,
    0.00020961435802746564
  ],
  "mae": [
    0.02008843794465065,
    0.013551773503422737,
    0.012668395414948463,
    0.01218724437057972,
    0.011973921209573746,
    0.011667146347463131,
    0.011499044485390186,
    0.01135460939258337,
    0.011234574019908905,
    0.011156521737575531,
    0.01111198216676712,
    0.0109752481803298,
    0.010876642540097237,
    0.010867913253605366,
    0.010842861607670784,
    0.010829461738467216,
    0.010669791139662266,
    0.010701118037104607,
    0.010657069273293018,
    0.010571178048849106,
    0.010614222846925259,
    0.01054935622960329,
    0.010534538887441158,
    0.010481057688593864,
    0.010503227822482586,
    0.010495290160179138,
    0.010450180619955063,
    0.010437041521072388,
    0.010457421652972698,
    0.010454028844833374,
    0.010412130504846573,
    0.010374332778155804,
    0.010377530939877033,
    0.0104347113519907,
    0.010367830283939838,
    0.010444270446896553,
    0.010361327789723873,
    0.010340764187276363,
    0.010357078164815903,
    0.010360706597566605,
    0.010375754907727242,
    0.010358295403420925,
    0.010365253314375877,
    0.01036161184310913,
    0.010333112441003323,
    0.01035979576408863,
    0.010313198901712894,
    0.010343621484935284,
    0.010354929603636265,
    0.01034348364919424,
    0.010344160720705986,
    0.010313951410353184,
    0.01034163311123848,
    0.010322093963623047,
    0.010323533788323402
  ],
  "val_loss": [
    0.0004644502478186041,
    0.00043442813330329955,
    0.000442798831500113,
    0.00041912728920578957,
    0.00042283281800337136,
    0.0004560965171549469,
    0.00046479859156534076,
    0.0004390118410810828,
    0.00041820754995569587,
    0.00044303934555500746,
    0.000417159462813288,
    0.00043605451355688274,
    0.00043818564154207706,
    0.00042448556632734835,
    0.0004176094080321491,
    0.0004199899558443576,
    0.00041304199839942157,
    0.00040985195664688945,
    0.0004046669346280396,
    0.00041751470416784286,
    0.0004205435689073056,
    0.00040533041465096176,
    0.00041664604214020073,
    0.0004040605272166431,
    0.0004044288652949035,
    0.00040426821215078235,
    0.0004071802250109613,
    0.0004006165836472064,
    0.0004003102658316493,
    0.00040711258770897985,
    0.0004087492707185447,
    0.00040611132862977684,
    0.00040615294710732996,
    0.0004030188138131052,
    0.00040230315062217414,
    0.00039984885370358825,
    0.00040594549500383437,
    0.0004011539276689291,
    0.00040377190453000367,
    0.0003993759455624968,
    0.000402429373934865,
    0.0004032762662973255,
    0.000402181816753,
    0.00040145020466297865,
    0.0004016873426735401,
    0.00040133355651050806,
    0.0004009924887213856,
    0.0004007663519587368,
    0.0004006146627943963,
    0.00040091259870678186,
    0.0004010296252090484,
    0.00040155326132662594,
    0.0004010816337540746,
    0.0004023824294563383,
    0.0004013658908661455
  ],
  "val_mae": [
    0.015153295360505581,
    0.014616371132433414,
    0.014629808254539967,
    0.014371436089277267,
    0.014273245818912983,
    0.014966190792620182,
    0.014936445280909538,
    0.014555471949279308,
    0.014180050231516361,
    0.01468167919665575,
    0.01403655856847763,
    0.014441607519984245,
    0.014548450708389282,
    0.014198687858879566,
    0.014091601595282555,
    0.014094767160713673,
    0.014008844271302223,
    0.0139455646276474,
    0.013795041479170322,
    0.014006050303578377,
    0.014109686948359013,
    0.013828080147504807,
    0.014018796384334564,
    0.01375350821763277,
    0.013733851723372936,
    0.013784545473754406,
    0.013830977492034435,
    0.01370280236005783,
    0.013728657737374306,
    0.013776919804513454,
    0.013835501857101917,
    0.013800987042486668,
    0.01378475409001112,
    0.013752976432442665,
    0.013699433766305447,
    0.013641225174069405,
    0.013774917460978031,
    0.013689577579498291,
    0.013738265261054039,
    0.01364874467253685,
    0.013705329038202763,
    0.013722809962928295,
    0.01369117945432663,
    0.013683609664440155,
    0.01368804182857275,
    0.013701210729777813,
    0.013683516532182693,
    0.013677218928933144,
    0.013676701113581657,
    0.013677590526640415,
    0.013676120899617672,
    0.013686353340744972,
    0.01367904245853424,
    0.013704737648367882,
    0.013683632016181946
  ],
  "lr": [
    0.0010000000474974513,
    0.0010000000474974513,
    0.0010000000474974513,
    0.0010000000474974513,
    0.0010000000474974513,
    0.0010000000474974513,
    0.0005000000237487257,
    0.0005000000237487257,
    0.0005000000237487257,
    0.0005000000237487257,
    0.0005000000237487257,
    0.0002500000118743628,
    0.0002500000118743628,
    0.0002500000118743628,
    0.0002500000118743628,
    0.0002500000118743628,
    0.0001250000059371814,
    0.0001250000059371814,
    0.0001250000059371814,
    0.0001250000059371814,
    0.0001250000059371814,
    6.25000029685907e-05,
    6.25000029685907e-05,
    6.25000029685907e-05,
    6.25000029685907e-05,
    6.25000029685907e-05,
    3.125000148429535e-05,
    3.125000148429535e-05,
    3.125000148429535e-05,
    3.125000148429535e-05,
    3.125000148429535e-05,
    1.5625000742147677e-05,
    1.5625000742147677e-05,
    1.5625000742147677e-05,
    1.5625000742147677e-05,
    1.5625000742147677e-05,
    7.812500371073838e-06,
    7.812500371073838e-06,
    7.812500371073838e-06,
    7.812500371073838e-06,
    7.812500371073838e-06,
    3.906250185536919e-06,
    3.906250185536919e-06,
    3.906250185536919e-06,
    3.906250185536919e-06,
    3.906250185536919e-06,
    1.9531250927684596e-06,
    1.9531250927684596e-06,
    1.9531250927684596e-06,
    1.9531250927684596e-06,
    1.9531250927684596e-06,
    9.999999974752427e-07,
    9.999999974752427e-07,
    9.999999974752427e-07,
    9.999999974752427e-07
  ]
}