{
  "experiment_name": "ensemble_lstm_no_regime",
  "model_type": "lstm_ensemble_n5",
  "n_members": 5,
  "seeds": [
    42,
    123,
    456,
    789,
    1011
  ],
  "metrics": {
    "test": {
      "mae": 0.1353367567062378,
      "rmse": 0.2026914358139038,
      "nse": 0.9957189559936523,
      "kge": 0.9942918683142721,
      "kge_r": 0.9978847470485143,
      "kge_alpha": 1.0053012371063232,
      "kge_beta": 1.0000731945037842
    },
    "val": {
      "mae": 0.15699812769889832,
      "rmse": 0.23103250563144684,
      "nse": 0.9950841069221497,
      "kge": 0.9948203624471637,
      "kge_r": 0.9975685201657408,
      "kge_alpha": 0.9981282949447632,
      "kge_beta": 0.9958270788192749
    }
  },
  "config": {
    "lookback": 150,
    "use_residual": true
  }
}