{
  "experiment_name": "lstm_desde81_noguri",
  "model_type": "lstm",
  "timestamp": "2026-04-29T18:01:27.208292",
  "metrics": {
    "test": {
      "mae": 0.49887287616729736,
      "rmse": 0.669389545917511,
      "nse": 0.9628565311431885,
      "kge": 0.9128790765034277,
      "kge_r": 0.9837011279083906,
      "kge_alpha": 0.914448082447052,
      "kge_beta": 0.997704029083252
    },
    "val": {
      "mae": 0.30058199167251587,
      "rmse": 0.3951529264450073,
      "nse": 0.9841257892549038,
      "kge": 0.9743095959105693,
      "kge_r": 0.9921782290553025,
      "kge_alpha": 0.9756360054016113,
      "kge_beta": 1.0022830963134766
    }
  },
  "training": {
    "epochs_trained": 21,
    "best_epoch": 6,
    "final_train_loss": 0.001144216861575842,
    "final_val_loss": 0.001791966613382101,
    "best_val_loss": 0.0012881184229627252
  }
}