{
  "loss": [
    0.022176535800099373,
    0.005613261833786964,
    0.004052927251905203,
    0.003374967724084854,
    0.002894330071285367,
    0.0024945067707449198,
    0.0022427872754633427,
    0.0020288906525820494,
    0.001806657062843442,
    0.0017302180640399456,
    0.0016541134100407362,
    0.001478716847486794,
    0.0013803120236843824,
    0.0013442959170788527,
    0.0013295819517225027,
    0.0012744938721880317,
    0.0012074400437995791,
    0.0011675149435177445,
    0.0011836171615868807,
    0.0011400390649214387,
    0.001144216861575842
  ],
  "mae": [
    0.0966808870434761,
    0.05617276579141617,
    0.04816339537501335,
    0.043905265629291534,
    0.040914136916399,
    0.038071393966674805,
    0.03638569265604019,
    0.0348091721534729,
    0.03291111811995506,
    0.032041434198617935,
    0.03153694048523903,
    0.029900798574090004,
    0.028837092220783234,
    0.02845357172191143,
    0.02836821973323822,
    0.027649294584989548,
    0.027011318132281303,
    0.026572037488222122,
    0.026691637933254242,
    0.026239274069666862,
    0.02627556398510933
  ],
  "val_loss": [
    0.0032393105793744326,
    0.0017331023700535297,
    0.0030446669552475214,
    0.0028902313206344843,
    0.001409080345183611,
    0.0012881184229627252,
    0.0014714490389451385,
    0.0022041392512619495,
    0.0015539283631369472,
    0.0017313851276412606,
    0.0024560901802033186,
    0.0016579856164753437,
    0.0016824345802888274,
    0.002091572619974613,
    0.0014537321403622627,
    0.0019129839492961764,
    0.0019289640476927161,
    0.0017543788999319077,
    0.0021299568470567465,
    0.0015636541647836566,
    0.001791966613382101
  ],
  "val_mae": [
    0.04489504545927048,
    0.03260824456810951,
    0.04407684877514839,
    0.041983455419540405,
    0.029772121459245682,
    0.027300817891955376,
    0.029302483424544334,
    0.035776350647211075,
    0.02960846573114395,
    0.03151729330420494,
    0.03970877081155777,
    0.03058173879981041,
    0.03165256232023239,
    0.03480502590537071,
    0.028730476275086403,
    0.032944049686193466,
    0.032960619777441025,
    0.03172896057367325,
    0.03597037494182587,
    0.030161723494529724,
    0.03202014043927193
  ],
  "lr": [
    0.0010000000474974513,
    0.0010000000474974513,
    0.0010000000474974513,
    0.0010000000474974513,
    0.0010000000474974513,
    0.0010000000474974513,
    0.0010000000474974513,
    0.0010000000474974513,
    0.0010000000474974513,
    0.0010000000474974513,
    0.0010000000474974513,
    0.0005000000237487257,
    0.0005000000237487257,
    0.0005000000237487257,
    0.0005000000237487257,
    0.0005000000237487257,
    0.0002500000118743628,
    0.0002500000118743628,
    0.0002500000118743628,
    0.0002500000118743628,
    0.0002500000118743628
  ]
}