{
  "experiment_name": "lstm_regime_aware",
  "model_type": "lstm",
  "timestamp": "2026-04-29T18:13:14.892332",
  "metrics": {
    "test": {
      "mae": 0.5350032448768616,
      "rmse": 0.6843205690383911,
      "nse": 0.9595305137336254,
      "kge": 0.88933386200264,
      "kge_r": 0.9842368363016597,
      "kge_alpha": 0.8914416432380676,
      "kge_beta": 0.9853849411010742
    },
    "val": {
      "mae": 0.2978079319000244,
      "rmse": 0.38676711916923523,
      "nse": 0.9863657392561436,
      "kge": 0.9795548485905908,
      "kge_r": 0.9934139124226586,
      "kge_alpha": 0.9844744801521301,
      "kge_beta": 1.011557936668396
    }
  },
  "training": {
    "epochs_trained": 19,
    "best_epoch": 4,
    "final_train_loss": 0.0009894379181787372,
    "final_val_loss": 0.001783734536729753,
    "best_val_loss": 0.0012337074149399996
  }
}