{
  "loss": [
    0.0182054340839386,
    0.005082839168608189,
    0.0036814147606492043,
    0.0029003245290368795,
    0.0025927394162863493,
    0.002174920169636607,
    0.0019317595288157463,
    0.001762306084856391,
    0.0015613886062055826,
    0.0013803449692204595,
    0.001302082440815866,
    0.0012814226793125272,
    0.0012127395020797849,
    0.001148986630141735,
    0.0010849147802218795,
    0.001052606152370572,
    0.001035233261063695,
    0.001036352594383061,
    0.0009894379181787372
  ],
  "mae": [
    0.08978842198848724,
    0.05345512554049492,
    0.045728884637355804,
    0.04094131663441658,
    0.03890459984540939,
    0.035917315632104874,
    0.03398127853870392,
    0.03252173215150833,
    0.030741214752197266,
    0.028744813054800034,
    0.02808029018342495,
    0.027812721207737923,
    0.027026012539863586,
    0.026502098888158798,
    0.025575213134288788,
    0.0250855665653944,
    0.025006135925650597,
    0.02500820904970169,
    0.024554383009672165
  ],
  "val_loss": [
    0.0016833777772262692,
    0.00256610126234591,
    0.0013914991868659854,
    0.0012337074149399996,
    0.001991156954318285,
    0.0014748978428542614,
    0.0019415232818573713,
    0.0015832501230761409,
    0.0018914459506049752,
    0.002144190715625882,
    0.002390678506344557,
    0.0014843723038211465,
    0.002095166128128767,
    0.0025569789577275515,
    0.002024261746555567,
    0.001763712614774704,
    0.0020562235731631517,
    0.0018013387452811003,
    0.001783734536729753
  ],
  "val_mae": [
    0.03227468952536583,
    0.03960984945297241,
    0.028688710182905197,
    0.027044568210840225,
    0.03339589759707451,
    0.02838324010372162,
    0.03289618343114853,
    0.029704846441745758,
    0.032371848821640015,
    0.03448481857776642,
    0.037598516792058945,
    0.02838161028921604,
    0.033752888441085815,
    0.03770296275615692,
    0.03301922604441643,
    0.030824488028883934,
    0.03343675658106804,
    0.03126039728522301,
    0.030863825231790543
  ],
  "lr": [
    0.0010000000474974513,
    0.0010000000474974513,
    0.0010000000474974513,
    0.0010000000474974513,
    0.0010000000474974513,
    0.0010000000474974513,
    0.0010000000474974513,
    0.0010000000474974513,
    0.0010000000474974513,
    0.0005000000237487257,
    0.0005000000237487257,
    0.0005000000237487257,
    0.0005000000237487257,
    0.0005000000237487257,
    0.0002500000118743628,
    0.0002500000118743628,
    0.0002500000118743628,
    0.0002500000118743628,
    0.0002500000118743628
  ]
}