{
  "experiment_name": "lstm_guri_dahiti",
  "model_type": "lstm",
  "timestamp": "2026-04-28T20:41:29.184794",
  "metrics": {
    "test": {
      "mae": 0.4982396364212036,
      "rmse": 0.6513723134994507,
      "nse": 0.9633336998522282,
      "kge": 0.8957679812639654,
      "kge_r": 0.9860131002418253,
      "kge_alpha": 0.8991211652755737,
      "kge_beta": 0.9778157472610474
    },
    "val": {
      "mae": 0.26604050397872925,
      "rmse": 0.34386181831359863,
      "nse": 0.989222938194871,
      "kge": 0.976742805787511,
      "kge_r": 0.9947675137037144,
      "kge_alpha": 0.9776673316955566,
      "kge_beta": 1.0038431882858276
    }
  },
  "training": {
    "epochs_trained": 20,
    "best_epoch": 5,
    "final_train_loss": 0.0011328955879434943,
    "final_val_loss": 0.0016898412723094225,
    "best_val_loss": 0.001094904961064458
  }
}