{
  "loss": [
    0.026178142055869102,
    0.006404165178537369,
    0.004520805552601814,
    0.003534276271238923,
    0.0030060866847634315,
    0.0025972190778702497,
    0.0024200882762670517,
    0.0022540325298905373,
    0.0017381664365530014,
    0.0016693257493898273,
    0.0015054285759106278,
    0.0014936260413378477,
    0.0013784129405394197,
    0.0013386169448494911,
    0.0013034403091296554,
    0.0012030524667352438,
    0.001165740191936493,
    0.0011707766680046916,
    0.0011307409731671214,
    0.0011328955879434943
  ],
  "mae": [
    0.10666999220848083,
    0.05877935513854027,
    0.04987652972340584,
    0.044231828302145004,
    0.04072180017828941,
    0.03807515278458595,
    0.037200264632701874,
    0.035569027066230774,
    0.03184967860579491,
    0.03129320591688156,
    0.029582181945443153,
    0.029604263603687286,
    0.028518129140138626,
    0.028243714943528175,
    0.02773885428905487,
    0.02687123604118824,
    0.026342839002609253,
    0.026336317881941795,
    0.02599433995783329,
    0.02614835649728775
  ],
  "val_loss": [
    0.0023977996315807104,
    0.001822392106987536,
    0.0022035257425159216,
    0.001978382235392928,
    0.001094904961064458,
    0.0012687025591731071,
    0.001678386004641652,
    0.0011304549407213926,
    0.0011752593563869596,
    0.0012181706260889769,
    0.0015099403681233525,
    0.0015180327463895082,
    0.0014811403816565871,
    0.0013919908087700605,
    0.0012901066802442074,
    0.0014178963610902429,
    0.0015420546988025308,
    0.001552985399030149,
    0.0013628348242491484,
    0.0016898412723094225
  ],
  "val_mae": [
    0.037369754165410995,
    0.032644085586071014,
    0.0375794842839241,
    0.03531312942504883,
    0.025601007044315338,
    0.027677878737449646,
    0.032001398503780365,
    0.026079587638378143,
    0.02641967684030533,
    0.02725587785243988,
    0.03036581352353096,
    0.029953982681035995,
    0.02986905723810196,
    0.02915951982140541,
    0.02814437448978424,
    0.029071183875203133,
    0.0302092544734478,
    0.03038713149726391,
    0.028264589607715607,
    0.031346894800662994
  ],
  "lr": [
    0.0010000000474974513,
    0.0010000000474974513,
    0.0010000000474974513,
    0.0010000000474974513,
    0.0010000000474974513,
    0.0010000000474974513,
    0.0010000000474974513,
    0.0010000000474974513,
    0.0010000000474974513,
    0.0010000000474974513,
    0.0005000000237487257,
    0.0005000000237487257,
    0.0005000000237487257,
    0.0005000000237487257,
    0.0005000000237487257,
    0.0002500000118743628,
    0.0002500000118743628,
    0.0002500000118743628,
    0.0002500000118743628,
    0.0002500000118743628
  ]
}