{
  "experiment_name": "baseline_naive_desde81",
  "model_type": "naive",
  "timestamp": "2026-04-29T18:01:02.808132",
  "metrics": {
    "test": {
      "mae": 0.2557855591101965,
      "rmse": 0.3545219056499396,
      "nse": 0.9896635028238276,
      "kge": 0.9948318073131567,
      "kge_r": 0.9948318588474823,
      "kge_alpha": 1.0000207633530116,
      "kge_beta": 0.9999899223432744
    },
    "test_naive": {
      "mae": 0.2557855591101965,
      "rmse": 0.3545219056499396,
      "nse": 0.9896635028238276,
      "kge": 0.9948318073131567,
      "kge_r": 0.9948318588474823,
      "kge_alpha": 1.0000207633530116,
      "kge_beta": 0.9999899223432744
    },
    "test_seasonal": {
      "mae": 1.1124797729062619,
      "rmse": 1.4919466830443995,
      "nse": 0.8169398361916811,
      "kge": 0.9078359788173638,
      "kge_r": 0.9080441423537905,
      "kge_alpha": 0.9950285193378048,
      "kge_beta": 1.0036893664942503
    }
  }
}