{
  "experiment_name": "baseline_residual",
  "model_type": "naive",
  "timestamp": "2026-04-29T18:42:58.574266",
  "metrics": {
    "test": {
      "mae": 0.25570092965155605,
      "rmse": 0.3592229744593538,
      "nse": 0.9894414516906136,
      "kge": 0.9912340942961784,
      "kge_r": 0.9947903869013066,
      "kge_alpha": 1.0016239162932852,
      "kge_beta": 1.0068603155935145
    },
    "test_naive": {
      "mae": 0.25570092965155605,
      "rmse": 0.3592229744593538,
      "nse": 0.9894414516906136,
      "kge": 0.9912340942961784,
      "kge_r": 0.9947903869013066,
      "kge_alpha": 1.0016239162932852,
      "kge_beta": 1.0068603155935145
    },
    "test_seasonal": {
      "mae": 1.1807788130353174,
      "rmse": 1.6844387318854028,
      "nse": 0.7678405105054591,
      "kge": 0.8481250493383687,
      "kge_r": 0.9033522008246154,
      "kge_alpha": 1.0256109417313044,
      "kge_beta": 1.1143209657790871
    }
  }
}