{
  "experiment_name": "transformer_v1",
  "model_type": "transformer",
  "timestamp": "2026-04-30T20:48:04.859317",
  "metrics": {
    "test": {
      "mae": 0.4038717448711395,
      "rmse": 0.5116224884986877,
      "nse": 0.9727241396903992,
      "kge": 0.9509423962786614,
      "kge_r": 0.9881557372471635,
      "kge_alpha": 1.0456982851028442,
      "kge_beta": 1.0133427381515503
    },
    "val": {
      "mae": 0.4562724232673645,
      "rmse": 0.6202257871627808,
      "nse": 0.9645712971687317,
      "kge": 0.9449596341665871,
      "kge_r": 0.986279396002339,
      "kge_alpha": 1.032178282737732,
      "kge_beta": 0.9575059413909912
    }
  },
  "training": {
    "epochs_trained": 28,
    "best_epoch": 18,
    "final_train_loss": 0.0011579828713032085,
    "final_val_loss": 0.0030195961725448628,
    "best_val_loss": 0.002744076423759071
  }
}