{
  "loss": [
    0.03114436005694766,
    0.007352634011661595,
    0.0053312565997080865,
    0.0043882593552881325,
    0.0036844695035802818,
    0.0033199001386775783,
    0.0030297922250484026,
    0.002710593527113442,
    0.002514562416690873,
    0.002313729932354992,
    0.0021160079077151396,
    0.002007906012172803,
    0.0018808050956263523,
    0.0018105731141742432,
    0.001747025602486234,
    0.0016578083827371293,
    0.00153541536366505,
    0.001495141139474402,
    0.0014606933979502005,
    0.0013972191369068848,
    0.001344610150476723,
    0.0013538319342398795,
    0.0012793719168522502,
    0.001244341709101272,
    0.001247380484461677,
    0.0012120718328761505,
    0.0011507434300273567,
    0.0011579828713032085
  ],
  "val_loss": [
    0.012485649926882041,
    0.008977999943113294,
    0.007707045702255405,
    0.006282762472287658,
    0.0056608978490262935,
    0.004404596997679183,
    0.005049276542845685,
    0.004487053205381271,
    0.0031385246760242624,
    0.00380247274918829,
    0.003923707635430196,
    0.00435359816375977,
    0.0038560410788287735,
    0.003931703010032304,
    0.003668523044013863,
    0.0029056590606261587,
    0.003489986740187289,
    0.002744076423759071,
    0.003928125322107674,
    0.0032962568047772978,
    0.0038325867487282146,
    0.003001175441984403,
    0.004181660289305406,
    0.003695821933312064,
    0.0032047023390229528,
    0.003423175543137925,
    0.003267267823591496,
    0.0030195961725448628
  ]
}