{
  "experiment_name": "lstm_gpu",
  "model_type": "lstm",
  "timestamp": "2026-04-28T19:32:31.364347",
  "metrics": {
    "test": {
      "mae": 0.5579683780670166,
      "rmse": 0.7242720127105713,
      "nse": 0.9546672701835632,
      "kge": 0.8752909750738849,
      "kge_r": 0.9831737951377176,
      "kge_alpha": 0.8776795864105225,
      "kge_beta": 0.9824804067611694
    },
    "val": {
      "mae": 0.2731090188026428,
      "rmse": 0.3566487729549408,
      "nse": 0.9884065156802535,
      "kge": 0.9718941402095667,
      "kge_r": 0.9944293203704968,
      "kge_alpha": 0.9724528193473816,
      "kge_beta": 1.000244379043579
    }
  },
  "training": {
    "epochs_trained": 20,
    "best_epoch": 5,
    "final_train_loss": 0.0009176470921374857,
    "final_val_loss": 0.0028584813699126244,
    "best_val_loss": 0.0011778798652812839
  }
}