{
  "loss": [
    0.024346264079213142,
    0.006347292102873325,
    0.004620715044438839,
    0.003632731968536973,
    0.0029893824830651283,
    0.002523896051570773,
    0.0022491358686238527,
    0.0019905371591448784,
    0.001590963453054428,
    0.001453363336622715,
    0.0012609917903319001,
    0.0012527236249297857,
    0.0011430269805714488,
    0.0012057111598551273,
    0.0010974904289469123,
    0.0010028897086158395,
    0.0009676499757915735,
    0.0009832940995693207,
    0.0009488672367297113,
    0.0009176470921374857
  ],
  "mae": [
    0.10206234455108643,
    0.05833725258708,
    0.05011642351746559,
    0.04478256404399872,
    0.04061393067240715,
    0.037594009190797806,
    0.03584432601928711,
    0.03356317803263664,
    0.030625972896814346,
    0.02930443175137043,
    0.027300726622343063,
    0.027260389178991318,
    0.026042627170681953,
    0.026846101507544518,
    0.025382161140441895,
    0.024473076686263084,
    0.024046503007411957,
    0.024188991636037827,
    0.023801274597644806,
    0.02351144328713417
  ],
  "val_loss": [
    0.0022141977678984404,
    0.0016691533382982016,
    0.0014158026315271854,
    0.0013308358611539006,
    0.0011778798652812839,
    0.0014730134280398488,
    0.0013199233217164874,
    0.0014242700999602675,
    0.0016959704225882888,
    0.0019166710553690791,
    0.002384254476055503,
    0.0022844914346933365,
    0.002309322590008378,
    0.0019264733418822289,
    0.0017867217538878322,
    0.002097400603815913,
    0.002328096656128764,
    0.002430136315524578,
    0.0025437818840146065,
    0.0028584813699126244
  ],
  "val_mae": [
    0.035824861377477646,
    0.03140369430184364,
    0.028792928904294968,
    0.027732612565159798,
    0.02628239616751671,
    0.029477249830961227,
    0.028127191588282585,
    0.028485877439379692,
    0.03078054077923298,
    0.03246708959341049,
    0.03597851097583771,
    0.0352729894220829,
    0.03609907254576683,
    0.03368775546550751,
    0.03158668056130409,
    0.03392393887042999,
    0.03548453375697136,
    0.03624133765697479,
    0.036694418638944626,
    0.0391651950776577
  ],
  "lr": [
    0.0010000000474974513,
    0.0010000000474974513,
    0.0010000000474974513,
    0.0010000000474974513,
    0.0010000000474974513,
    0.0010000000474974513,
    0.0010000000474974513,
    0.0010000000474974513,
    0.0010000000474974513,
    0.0010000000474974513,
    0.0005000000237487257,
    0.0005000000237487257,
    0.0005000000237487257,
    0.0005000000237487257,
    0.0005000000237487257,
    0.0002500000118743628,
    0.0002500000118743628,
    0.0002500000118743628,
    0.0002500000118743628,
    0.0002500000118743628
  ]
}