{
  "experiment_name": "lstm_nasa_legacy",
  "model_type": "lstm",
  "timestamp": "2026-04-29T18:07:39.816256",
  "metrics": {
    "test": {
      "mae": 0.5618599057197571,
      "rmse": 0.7700386643409729,
      "nse": 0.9509368613362312,
      "kge": 0.8847489260955546,
      "kge_r": 0.9833962413262826,
      "kge_alpha": 0.9014962315559387,
      "kge_beta": 0.942518413066864
    },
    "val": {
      "mae": 0.3872787058353424,
      "rmse": 0.48005208373069763,
      "nse": 0.9765718281269073,
      "kge": 0.9509050109548859,
      "kge_r": 0.9911437341508734,
      "kge_alpha": 0.9721471667289734,
      "kge_beta": 0.9605525135993958
    }
  },
  "training": {
    "epochs_trained": 28,
    "best_epoch": 13,
    "final_train_loss": 0.0009238166967406869,
    "final_val_loss": 0.002380381803959608,
    "best_val_loss": 0.001900326693430543
  }
}