{
  "loss": [
    0.02094075083732605,
    0.005908085964620113,
    0.004166236612945795,
    0.003314739791676402,
    0.0029138342943042517,
    0.002500874688848853,
    0.0020932601764798164,
    0.0019471871200948954,
    0.001684975461103022,
    0.0017002446111291647,
    0.001457557431422174,
    0.0013874208088964224,
    0.0013411989202722907,
    0.0012996720615774393,
    0.001288924366235733,
    0.0012176394229754806,
    0.0011622740421444178,
    0.001160759013146162,
    0.0010539728682488203,
    0.001075034961104393,
    0.0010377009166404605,
    0.0010078293271362782,
    0.000985327991656959,
    0.0009683013777248561,
    0.0009388403850607574,
    0.0009144747164100409,
    0.0009300469537265599,
    0.0009238166967406869
  ],
  "mae": [
    0.09619973599910736,
    0.05752991512417793,
    0.048545368015766144,
    0.04324972629547119,
    0.04089060053229332,
    0.038049571216106415,
    0.035156525671482086,
    0.03403294458985329,
    0.031724877655506134,
    0.031939681619405746,
    0.029625022783875465,
    0.02895335666835308,
    0.028513651341199875,
    0.027895372360944748,
    0.027983995154500008,
    0.027161316946148872,
    0.026578880846500397,
    0.026569519191980362,
    0.02518237568438053,
    0.025632629171013832,
    0.025113852694630623,
    0.02468797005712986,
    0.024382062256336212,
    0.024135157465934753,
    0.023953009396791458,
    0.023542804643511772,
    0.02371107041835785,
    0.02371029555797577
  ],
  "val_loss": [
    0.005635099485516548,
    0.0030229801777750254,
    0.0045981877483427525,
    0.003302637953311205,
    0.0020613940432667732,
    0.0023640617728233337,
    0.002531998557969928,
    0.002805219031870365,
    0.0024243087973445654,
    0.00206887349486351,
    0.0025508508551865816,
    0.00220964546315372,
    0.001900326693430543,
    0.0023789529222995043,
    0.0021245640236884356,
    0.0024201783817261457,
    0.0026806883979588747,
    0.0019943993538618088,
    0.0032166026066988707,
    0.0023502064868807793,
    0.002054058713838458,
    0.0021722102537751198,
    0.002417035400867462,
    0.002077831421047449,
    0.0024755278136581182,
    0.0025150866713374853,
    0.002711917506530881,
    0.002380381803959608
  ],
  "val_mae": [
    0.05978124961256981,
    0.04402867332100868,
    0.054009996354579926,
    0.0474836565554142,
    0.03710533678531647,
    0.03917771577835083,
    0.041267212480306625,
    0.042604271322488785,
    0.039231471717357635,
    0.036839913576841354,
    0.04020077362656593,
    0.03733187913894653,
    0.035166557878255844,
    0.03852660581469536,
    0.03569711744785309,
    0.038412582129240036,
    0.0398368202149868,
    0.03488082438707352,
    0.04670454189181328,
    0.03748475760221481,
    0.03578469529747963,
    0.03561694175004959,
    0.03873109444975853,
    0.035358138382434845,
    0.03887240216135979,
    0.03893771395087242,
    0.04075724631547928,
    0.03760121762752533
  ],
  "lr": [
    0.0010000000474974513,
    0.0010000000474974513,
    0.0010000000474974513,
    0.0010000000474974513,
    0.0010000000474974513,
    0.0010000000474974513,
    0.0010000000474974513,
    0.0010000000474974513,
    0.0010000000474974513,
    0.0010000000474974513,
    0.0005000000237487257,
    0.0005000000237487257,
    0.0005000000237487257,
    0.0005000000237487257,
    0.0005000000237487257,
    0.0005000000237487257,
    0.0005000000237487257,
    0.0005000000237487257,
    0.0002500000118743628,
    0.0002500000118743628,
    0.0002500000118743628,
    0.0002500000118743628,
    0.0002500000118743628,
    0.0001250000059371814,
    0.0001250000059371814,
    0.0001250000059371814,
    0.0001250000059371814,
    0.0001250000059371814
  ]
}