{
  "experiment_name": "ensemble_lb150_no_humedad",
  "model_type": "lstm_ensemble_n5",
  "n_members": 5,
  "seeds": [
    42,
    123,
    456,
    789,
    1011
  ],
  "metrics": {
    "test": {
      "mae": 0.137762650847435,
      "rmse": 0.20325705409049988,
      "nse": 0.9956950545310974,
      "kge": 0.9941860203549838,
      "kge_r": 0.9978737895476731,
      "kge_alpha": 1.0053856372833252,
      "kge_beta": 0.9994741678237915
    },
    "val": {
      "mae": 0.16101883351802826,
      "rmse": 0.23605866730213165,
      "nse": 0.9948679208755493,
      "kge": 0.9942410667675922,
      "kge_r": 0.9974612057386399,
      "kge_alpha": 0.9970625638961792,
      "kge_beta": 0.9957466125488281
    }
  },
  "config": {
    "lookback": 150,
    "use_residual": true
  }
}