{
  "experiment_name": "lstm_split_corrected",
  "model_type": "lstm",
  "timestamp": "2026-04-29T18:35:28.863858",
  "metrics": {
    "test": {
      "mae": 0.4654046297073364,
      "rmse": 0.6384623050689697,
      "nse": 0.9651465937495232,
      "kge": 0.8778331419466183,
      "kge_r": 0.9904249010821107,
      "kge_alpha": 0.8868041038513184,
      "kge_beta": 0.9550583958625793
    },
    "val": {
      "mae": 0.6262089014053345,
      "rmse": 0.8363360166549683,
      "nse": 0.9381508454680443,
      "kge": 0.895560329057392,
      "kge_r": 0.9741462192298715,
      "kge_alpha": 0.9117087721824646,
      "kge_beta": 0.9505643248558044
    }
  },
  "training": {
    "epochs_trained": 27,
    "best_epoch": 12,
    "final_train_loss": 0.0005849150475114584,
    "final_val_loss": 0.0064636701717972755,
    "best_val_loss": 0.004985835403203964
  }
}