{
  "loss": [
    0.018138447776436806,
    0.0056506372056901455,
    0.004338751547038555,
    0.0029864071402698755,
    0.002930999733507633,
    0.002181860152631998,
    0.0020116325467824936,
    0.001653973595239222,
    0.0014510226901620626,
    0.001206585788168013,
    0.0013618023367598653,
    0.001278916373848915,
    0.0011841848026961088,
    0.0011048256419599056,
    0.001127829891629517,
    0.001076183863915503,
    0.0009088885271921754,
    0.0007568023866042495,
    0.0006886409246362746,
    0.0007272817892953753,
    0.0006618378683924675,
    0.0006559448665939271,
    0.0005794080207124352,
    0.0005954023217782378,
    0.0005547034670598805,
    0.0005469784955494106,
    0.0005849150475114584
  ],
  "mae": [
    0.10832405090332031,
    0.07705303281545639,
    0.07323500514030457,
    0.06457684189081192,
    0.06316254287958145,
    0.05976411700248718,
    0.05972352251410484,
    0.05618162825703621,
    0.055427901446819305,
    0.05241689458489418,
    0.05292525887489319,
    0.05146117880940437,
    0.05134269967675209,
    0.05117672309279442,
    0.05046229436993599,
    0.04957282915711403,
    0.04838120564818382,
    0.04562981799244881,
    0.04476572573184967,
    0.04520011693239212,
    0.04420526698231697,
    0.04349055886268616,
    0.04252741113305092,
    0.04308696091175079,
    0.042195286601781845,
    0.041775643825531006,
    0.042140986770391464
  ],
  "val_loss": [
    0.025865808129310608,
    0.016424743458628654,
    0.009753633290529251,
    0.008726411499083042,
    0.00933412928134203,
    0.008439557626843452,
    0.0059018367901444435,
    0.006646816618740559,
    0.006690056994557381,
    0.006681789644062519,
    0.006164570804685354,
    0.004985835403203964,
    0.006837200839072466,
    0.008287878707051277,
    0.006001838482916355,
    0.006383839063346386,
    0.007290935609489679,
    0.006221996154636145,
    0.00708701740950346,
    0.005712613463401794,
    0.005869975313544273,
    0.006604766473174095,
    0.0061711473390460014,
    0.0066083320416510105,
    0.006750943139195442,
    0.006324942223727703,
    0.0064636701717972755
  ],
  "val_mae": [
    0.11884864419698715,
    0.0892859548330307,
    0.06921838223934174,
    0.06564871221780777,
    0.06913795322179794,
    0.0683019757270813,
    0.05555528402328491,
    0.05880293250083923,
    0.059664756059646606,
    0.061522018164396286,
    0.05634363740682602,
    0.05287189036607742,
    0.0599011555314064,
    0.06793158501386642,
    0.05533268302679062,
    0.05730781331658363,
    0.06396114081144333,
    0.05884240195155144,
    0.06180731579661369,
    0.05512985587120056,
    0.05639117956161499,
    0.06014634668827057,
    0.05759632959961891,
    0.059404563158750534,
    0.05998136103153229,
    0.058396294713020325,
    0.05864035710692406
  ],
  "lr": [
    0.0010000000474974513,
    0.0010000000474974513,
    0.0010000000474974513,
    0.0010000000474974513,
    0.0010000000474974513,
    0.0010000000474974513,
    0.0010000000474974513,
    0.0010000000474974513,
    0.0010000000474974513,
    0.0010000000474974513,
    0.0010000000474974513,
    0.0010000000474974513,
    0.0010000000474974513,
    0.0010000000474974513,
    0.0010000000474974513,
    0.0010000000474974513,
    0.0010000000474974513,
    0.0005000000237487257,
    0.0005000000237487257,
    0.0005000000237487257,
    0.0005000000237487257,
    0.0005000000237487257,
    0.0002500000118743628,
    0.0002500000118743628,
    0.0002500000118743628,
    0.0002500000118743628,
    0.0002500000118743628
  ]
}