{
  "experiment_name": "lstm_v2_memoria",
  "model_type": "lstm",
  "timestamp": "2026-04-30T22:51:35.918615",
  "metrics": {
    "test": {
      "mae": 0.5062049031257629,
      "rmse": 0.6421690583229065,
      "nse": 0.9662953019142151,
      "kge": 0.9363796590669758,
      "kge_r": 0.984081587008172,
      "kge_alpha": 0.9385402798652649,
      "kge_beta": 1.0041054487228394
    },
    "val": {
      "mae": 0.2795374393463135,
      "rmse": 0.36743324995040894,
      "nse": 0.9861129522323608,
      "kge": 0.9920583124535187,
      "kge_r": 0.9930920378418597,
      "kge_alpha": 1.0033376216888428,
      "kge_beta": 0.9979479908943176
    }
  },
  "training": {
    "epochs_trained": 19,
    "best_epoch": 4,
    "final_train_loss": 0.000894770200829953,
    "final_val_loss": 0.0019144953694194555,
    "best_val_loss": 0.0011137363035231829
  }
}