{
  "loss": [
    0.016208229586482048,
    0.004086276516318321,
    0.0031023849733173847,
    0.002703745849430561,
    0.002246069721877575,
    0.001986945979297161,
    0.0018418905092403293,
    0.0017595578683540225,
    0.00148178287781775,
    0.0012962298933416605,
    0.0012601083144545555,
    0.0011883382685482502,
    0.001156855490989983,
    0.0011027699802070856,
    0.0010281340219080448,
    0.000997538329102099,
    0.0009547959198243916,
    0.0009543789201416075,
    0.000894770200829953
  ],
  "mae": [
    0.08118544518947601,
    0.0479704774916172,
    0.041823532432317734,
    0.03896491602063179,
    0.035396263003349304,
    0.03363483399152756,
    0.032222382724285126,
    0.031580209732055664,
    0.02907133661210537,
    0.02727426588535309,
    0.026929158717393875,
    0.026239145547151566,
    0.02587839402258396,
    0.025364886969327927,
    0.02432958036661148,
    0.024015672504901886,
    0.02358350344002247,
    0.023699617013335228,
    0.02294928766787052
  ],
  "val_loss": [
    0.003311670385301113,
    0.0012346642324700952,
    0.0013164555421099067,
    0.0011137363035231829,
    0.001585927908308804,
    0.0014755442971363664,
    0.001386558753438294,
    0.0018823459977284074,
    0.001802561804652214,
    0.0020502626430243254,
    0.0024372930638492107,
    0.0024575674906373024,
    0.001960637280717492,
    0.001999347936362028,
    0.0022059560287743807,
    0.0023600005079060793,
    0.002007419476285577,
    0.001584089477546513,
    0.0019144953694194555
  ],
  "val_mae": [
    0.048057038336992264,
    0.027198567986488342,
    0.027737749740481377,
    0.02538941614329815,
    0.03153470531105995,
    0.02997332066297531,
    0.028876377269625664,
    0.03383762389421463,
    0.03437957540154457,
    0.034844353795051575,
    0.038665469735860825,
    0.03777572885155678,
    0.03504995256662369,
    0.035475246608257294,
    0.03594557195901871,
    0.0377674475312233,
    0.03512641414999962,
    0.030484206974506378,
    0.033538054674863815
  ],
  "learning_rate": [
    0.0010000000474974513,
    0.0010000000474974513,
    0.0010000000474974513,
    0.0010000000474974513,
    0.0010000000474974513,
    0.0010000000474974513,
    0.0010000000474974513,
    0.0010000000474974513,
    0.0010000000474974513,
    0.0005000000237487257,
    0.0005000000237487257,
    0.0005000000237487257,
    0.0005000000237487257,
    0.0005000000237487257,
    0.0002500000118743628,
    0.0002500000118743628,
    0.0002500000118743628,
    0.0002500000118743628,
    0.0002500000118743628
  ]
}