{
  "experiment_name": "lstm_v3_diff",
  "model_type": "lstm",
  "timestamp": "2026-04-30T23:27:47.294266",
  "metrics": {
    "test": {
      "mae": 0.161244735121727,
      "rmse": 0.2300870716571808,
      "nse": 0.9956731200218201,
      "kge": 0.9867479468432752,
      "kge_r": 0.998010386183143,
      "kge_alpha": 0.9924203157424927,
      "kge_beta": 0.9893132448196411
    },
    "val": {
      "mae": 0.11569397896528244,
      "rmse": 0.1625598520040512,
      "nse": 0.9972817897796631,
      "kge": 0.9912984822339866,
      "kge_r": 0.9987059818845785,
      "kge_alpha": 0.99350506067276,
      "kge_beta": 0.9943557381629944
    }
  },
  "training": {
    "epochs_trained": 33,
    "best_epoch": 18,
    "final_train_loss": 0.0038876838516443968,
    "final_val_loss": 0.003161985892802477,
    "best_val_loss": 0.0030487379990518093
  }
}