{
  "loss": [
    0.016192881390452385,
    0.006693014409393072,
    0.005994714796543121,
    0.0054810442961752415,
    0.00524579081684351,
    0.00499418331310153,
    0.004804023075848818,
    0.004686171188950539,
    0.004587139468640089,
    0.004520558286458254,
    0.0044101327657699585,
    0.0043633985333144665,
    0.004319979343563318,
    0.004283721558749676,
    0.0042502484284341335,
    0.004215622320771217,
    0.004140445496886969,
    0.004131211433559656,
    0.0041226912289857864,
    0.004096161108464003,
    0.004076629877090454,
    0.004030843731015921,
    0.004029787145555019,
    0.004020277876406908,
    0.004019338171929121,
    0.003986650612205267,
    0.003966064658015966,
    0.003954328130930662,
    0.003937694244086742,
    0.003927471581846476,
    0.003927070181816816,
    0.003893068991601467,
    0.0038876838516443968
  ],
  "mae": [
    0.08979387581348419,
    0.06174371391534805,
    0.057810813188552856,
    0.05462679639458656,
    0.053146857768297195,
    0.05151447653770447,
    0.05021488294005394,
    0.049415893852710724,
    0.04872956499457359,
    0.04825235903263092,
    0.047474104911088943,
    0.047058992087841034,
    0.0467073880136013,
    0.04643675312399864,
    0.04622790217399597,
    0.045971132814884186,
    0.04541878029704094,
    0.045388199388980865,
    0.04532325640320778,
    0.045185163617134094,
    0.04503675922751427,
    0.04478765279054642,
    0.04478631168603897,
    0.04471628740429878,
    0.04468965902924538,
    0.04455394670367241,
    0.04445502907037735,
    0.044378574937582016,
    0.044263262301683426,
    0.04424445331096649,
    0.04427443444728851,
    0.04405143857002258,
    0.04402685537934303
  ],
  "val_loss": [
    0.0038301742170006037,
    0.003976066131144762,
    0.0034489259123802185,
    0.0034130881540477276,
    0.0034367223270237446,
    0.0032197635155171156,
    0.0031809417996555567,
    0.003204598091542721,
    0.0031386571936309338,
    0.003199803177267313,
    0.0031193781178444624,
    0.0031840738374739885,
    0.003143098670989275,
    0.0031455138232558966,
    0.0031565148383378983,
    0.00309611763805151,
    0.0030555776320397854,
    0.0030487379990518093,
    0.00306229037232697,
    0.003057150635868311,
    0.0031890426762402058,
    0.00315783335827291,
    0.0031171126756817102,
    0.00316805113106966,
    0.0030977241694927216,
    0.0030983539763838053,
    0.0031145315151661634,
    0.0031285181175917387,
    0.003101490903645754,
    0.0031234684865921736,
    0.003165716538205743,
    0.003149784868583083,
    0.003161985892802477
  ],
  "val_mae": [
    0.046167198568582535,
    0.04734106361865997,
    0.04325671121478081,
    0.04297752305865288,
    0.04324505478143692,
    0.04147002473473549,
    0.041271016001701355,
    0.041419800370931625,
    0.040927689522504807,
    0.041381094604730606,
    0.04074261710047722,
    0.041316837072372437,
    0.04099738970398903,
    0.041036784648895264,
    0.04115869849920273,
    0.040707726031541824,
    0.040437035262584686,
    0.04040759801864624,
    0.040522389113903046,
    0.040446262806653976,
    0.041522543877363205,
    0.041368111968040466,
    0.04102599248290062,
    0.04147614538669586,
    0.04085816442966461,
    0.04086719825863838,
    0.04100794345140457,
    0.041119858622550964,
    0.040902718901634216,
    0.04108668491244316,
    0.041416801512241364,
    0.04130202904343605,
    0.04140853136777878
  ],
  "learning_rate": [
    0.0010000000474974513,
    0.0010000000474974513,
    0.0010000000474974513,
    0.0010000000474974513,
    0.0010000000474974513,
    0.0010000000474974513,
    0.0010000000474974513,
    0.0010000000474974513,
    0.0010000000474974513,
    0.0010000000474974513,
    0.0010000000474974513,
    0.0010000000474974513,
    0.0010000000474974513,
    0.0010000000474974513,
    0.0010000000474974513,
    0.0010000000474974513,
    0.0005000000237487257,
    0.0005000000237487257,
    0.0005000000237487257,
    0.0005000000237487257,
    0.0005000000237487257,
    0.0002500000118743628,
    0.0002500000118743628,
    0.0002500000118743628,
    0.0002500000118743628,
    0.0002500000118743628,
    0.0001250000059371814,
    0.0001250000059371814,
    0.0001250000059371814,
    0.0001250000059371814,
    0.0001250000059371814,
    6.25000029685907e-05,
    6.25000029685907e-05
  ]
}