{
  "experiment_name": "lstm_residual_lb90_huber",
  "model_type": "lstm",
  "timestamp": "2026-04-29T19:07:54.182349",
  "metrics": {
    "test": {
      "mae": 0.15890845656394958,
      "rmse": 0.23214054107666016,
      "nse": 0.9946036352775991,
      "kge": 0.9940416234184619,
      "kge_r": 0.9973358132341743,
      "kge_alpha": 1.0040736198425293,
      "kge_beta": 0.9965634346008301
    },
    "val": {
      "mae": 0.16211239993572235,
      "rmse": 0.2369416505098343,
      "nse": 0.9948711199685931,
      "kge": 0.9949889301249636,
      "kge_r": 0.9974543518222531,
      "kge_alpha": 0.9978386759757996,
      "kge_beta": 0.9962638020515442
    }
  },
  "training": {
    "epochs_trained": 55,
    "best_epoch": 40,
    "final_train_loss": 0.00010518726048758253,
    "final_val_loss": 0.0002014328056247905,
    "best_val_loss": 0.00020023937395308167
  }
}