{
  "loss": [
    0.0004609416937455535,
    0.00017621141159906983,
    0.00015603526844643056,
    0.00014535465743392706,
    0.00014034003834240139,
    0.00013405302888713777,
    0.00012970497482456267,
    0.0001266097096959129,
    0.00012373934441711754,
    0.0001227204775204882,
    0.00012186924141133204,
    0.00011870691378135234,
    0.00011746794189093634,
    0.00011651449312921613,
    0.00011579142301343381,
    0.00011502298730192706,
    0.0001121929963119328,
    0.00011249249655520543,
    0.00011221251770621166,
    0.00010980913793900982,
    0.00011088934843428433,
    0.00011017963697668165,
    0.00010939043568214402,
    0.00010848211968550459,
    0.00010889986151596531,
    0.00010902182839345187,
    0.00010792025568662211,
    0.00010762196325231344,
    0.00010805042256833985,
    0.00010786534403450787,
    0.00010716322140069678,
    0.00010596313222777098,
    0.00010633425699779764,
    0.00010737144475569949,
    0.00010616928193485364,
    0.00010754732647910714,
    0.00010588712029857561,
    0.00010524627577979118,
    0.00010565447882981971,
    0.00010593603656161577,
    0.00010616498911986127,
    0.00010543210373725742,
    0.00010608083539409563,
    0.00010574481711955741,
    0.00010563484102021903,
    0.00010534747707424685,
    0.00010468119580764323,
    0.0001052513689501211,
    0.00010563106479821727,
    0.00010556027700658888,
    0.00010570922313490883,
    0.00010462789941811934,
    0.00010570883023319766,
    0.0001053566811606288,
    0.00010518726048758253
  ],
  "mae": [
    0.02011258713901043,
    0.013565411791205406,
    0.012677724473178387,
    0.012189609929919243,
    0.011975032277405262,
    0.01166844367980957,
    0.011502569541335106,
    0.011361836455762386,
    0.011237706057727337,
    0.01116374135017395,
    0.011115421541035175,
    0.010985443368554115,
    0.010884602554142475,
    0.010873530991375446,
    0.01085154339671135,
    0.010836619883775711,
    0.010680800303816795,
    0.010709329508244991,
    0.01067018136382103,
    0.010582931339740753,
    0.010623998939990997,
    0.010561913251876831,
    0.010548506863415241,
    0.010496288537979126,
    0.010517114773392677,
    0.010509039275348186,
    0.010463696904480457,
    0.010451221838593483,
    0.01047083642333746,
    0.010466407053172588,
    0.01042884960770607,
    0.010389652103185654,
    0.010391836054623127,
    0.010452281683683395,
    0.010383782908320427,
    0.01045936718583107,
    0.010376199148595333,
    0.010355882346630096,
    0.010372220538556576,
    0.010376781225204468,
    0.010390476323664188,
    0.010373950935900211,
    0.010382154956459999,
    0.010378669016063213,
    0.010351166129112244,
    0.010375173762440681,
    0.010330284014344215,
    0.010360637679696083,
    0.010372855700552464,
    0.010358864441514015,
    0.01035886537283659,
    0.010330447927117348,
    0.01035795547068119,
    0.010340397246181965,
    0.010339437983930111
  ],
  "val_loss": [
    0.0002328244736418128,
    0.00021823143470101058,
    0.0002195449487771839,
    0.00020976056111976504,
    0.0002112948423018679,
    0.00022865510254632682,
    0.00023357871396001428,
    0.00022064009681344032,
    0.00021024214220233262,
    0.00022274722869042307,
    0.00020900944946333766,
    0.00021864623704459518,
    0.00021971313981339335,
    0.00021312685566954315,
    0.00021000875858590007,
    0.00021115974232088774,
    0.00020770463743247092,
    0.00020592582586687058,
    0.00020313786808401346,
    0.0002092374488711357,
    0.00021176661539357156,
    0.00020349158148746938,
    0.00020934760686941445,
    0.000202856826945208,
    0.00020275369752198458,
    0.00020315688743721694,
    0.00020470873278100044,
    0.0002011539036175236,
    0.00020122111891396344,
    0.0002045736473519355,
    0.00020541588310152292,
    0.0002041451953118667,
    0.00020419103384483606,
    0.00020229318761266768,
    0.00020188350754324347,
    0.00020044477423653007,
    0.0002036543155554682,
    0.000201294053113088,
    0.0002026689617196098,
    0.00020023937395308167,
    0.00020195722754579037,
    0.0002024284185608849,
    0.00020180561114102602,
    0.0002013420162256807,
    0.00020157078688498586,
    0.00020147499162703753,
    0.0002012497279793024,
    0.00020110925834160298,
    0.00020104236318729818,
    0.00020117407257203013,
    0.0002012407931033522,
    0.00020152820798102766,
    0.00020127221068833023,
    0.0002019298408413306,
    0.0002014328056247905
  ],
  "val_mae": [
    0.01517766434699297,
    0.014665359631180763,
    0.014579149894416332,
    0.0143592469394207,
    0.014269622974097729,
    0.014986678026616573,
    0.014975951053202152,
    0.014589027501642704,
    0.014233523979783058,
    0.014726084657013416,
    0.014057574793696404,
    0.014469166286289692,
    0.014579110778868198,
    0.014242764562368393,
    0.014151426963508129,
    0.014148188754916191,
    0.01406371034681797,
    0.014001384377479553,
    0.013843386434018612,
    0.014046210795640945,
    0.014177338220179081,
    0.013878658413887024,
    0.014078277163207531,
    0.013805970549583435,
    0.013778110034763813,
    0.013844042085111141,
    0.013894784264266491,
    0.013759196735918522,
    0.013790542259812355,
    0.01383861992508173,
    0.013898852281272411,
    0.013866831548511982,
    0.013850516639649868,
    0.013806500472128391,
    0.01375124603509903,
    0.013684614561498165,
    0.013825365342199802,
    0.01373992394655943,
    0.013792446814477444,
    0.013691927306354046,
    0.013757078908383846,
    0.013776585459709167,
    0.013741866685450077,
    0.013730823993682861,
    0.01373883057385683,
    0.013756287284195423,
    0.01373599935323,
    0.013728354126214981,
    0.013728375546634197,
    0.013728681951761246,
    0.01372802909463644,
    0.013739047572016716,
    0.013730917125940323,
    0.013757710345089436,
    0.013736579567193985
  ],
  "lr": [
    0.0010000000474974513,
    0.0010000000474974513,
    0.0010000000474974513,
    0.0010000000474974513,
    0.0010000000474974513,
    0.0010000000474974513,
    0.0005000000237487257,
    0.0005000000237487257,
    0.0005000000237487257,
    0.0005000000237487257,
    0.0005000000237487257,
    0.0002500000118743628,
    0.0002500000118743628,
    0.0002500000118743628,
    0.0002500000118743628,
    0.0002500000118743628,
    0.0001250000059371814,
    0.0001250000059371814,
    0.0001250000059371814,
    0.0001250000059371814,
    0.0001250000059371814,
    6.25000029685907e-05,
    6.25000029685907e-05,
    6.25000029685907e-05,
    6.25000029685907e-05,
    6.25000029685907e-05,
    3.125000148429535e-05,
    3.125000148429535e-05,
    3.125000148429535e-05,
    3.125000148429535e-05,
    3.125000148429535e-05,
    1.5625000742147677e-05,
    1.5625000742147677e-05,
    1.5625000742147677e-05,
    1.5625000742147677e-05,
    1.5625000742147677e-05,
    7.812500371073838e-06,
    7.812500371073838e-06,
    7.812500371073838e-06,
    7.812500371073838e-06,
    7.812500371073838e-06,
    3.906250185536919e-06,
    3.906250185536919e-06,
    3.906250185536919e-06,
    3.906250185536919e-06,
    3.906250185536919e-06,
    1.9531250927684596e-06,
    1.9531250927684596e-06,
    1.9531250927684596e-06,
    1.9531250927684596e-06,
    1.9531250927684596e-06,
    9.999999974752427e-07,
    9.999999974752427e-07,
    9.999999974752427e-07,
    9.999999974752427e-07
  ]
}