{
  "loss": [
    0.01443433267920384,
    0.004136697373499942
  ],
  "val_loss": [
    0.007388811150823705,
    0.0037159834849049174
  ]
}