{
  "loss": [
    0.023527409900022393,
    0.006660810609065278
  ],
  "val_loss": [
    0.005797319615568746,
    0.0026914723990958626
  ]
}