{
  "experiment_name": "ensemble_lstm_no_temp",
  "model_type": "lstm_ensemble_n5",
  "n_members": 5,
  "seeds": [
    42,
    123,
    456,
    789,
    1011
  ],
  "metrics": {
    "test": {
      "mae": 0.13940267264842987,
      "rmse": 0.20454604923725128,
      "nse": 0.9956402778625488,
      "kge": 0.9916769554408328,
      "kge_r": 0.9978703464647504,
      "kge_alpha": 1.0079625844955444,
      "kge_beta": 1.0011553764343262
    },
    "val": {
      "mae": 0.15732933580875397,
      "rmse": 0.23278561234474182,
      "nse": 0.9950092434883118,
      "kge": 0.9956105163806339,
      "kge_r": 0.9975261002127274,
      "kge_alpha": 0.9997790455818176,
      "kge_beta": 0.9963808059692383
    }
  },
  "config": {
    "lookback": 150,
    "use_residual": true
  }
}