{
  "experiment_name": "lstm_lookback14",
  "model_type": "lstm",
  "timestamp": "2026-04-28T19:55:09.634820",
  "metrics": {
    "test": {
      "mae": 0.44221895933151245,
      "rmse": 0.5706484913825989,
      "nse": 0.9721696171909571,
      "kge": 0.917528975879829,
      "kge_r": 0.9884896885884689,
      "kge_alpha": 0.918404221534729,
      "kge_beta": 0.9966666102409363
    },
    "val": {
      "mae": 0.2562395930290222,
      "rmse": 0.3291376829147339,
      "nse": 0.990100116468966,
      "kge": 0.9808561975580975,
      "kge_r": 0.9953026295367574,
      "kge_alpha": 0.9855700731277466,
      "kge_beta": 1.0116703510284424
    }
  },
  "training": {
    "epochs_trained": 24,
    "best_epoch": 9,
    "final_train_loss": 0.0006803455180488527,
    "final_val_loss": 0.0018780535319820046,
    "best_val_loss": 0.0010035150917246938
  }
}