{
  "loss": [
    0.013523783534765244,
    0.00408929493278265,
    0.0030315471813082695,
    0.0026061299722641706,
    0.002262822352349758,
    0.0019821387249976397,
    0.0017566611059010029,
    0.0016550217987969518,
    0.0014789998531341553,
    0.0014466355787590146,
    0.0012916617561131716,
    0.0011627672938629985,
    0.001042383024469018,
    0.0010395960416644812,
    0.0008452514884993434,
    0.0008760034688748419,
    0.0008318346808664501,
    0.0008036281797103584,
    0.0008342773071490228,
    0.000722195953130722,
    0.0006993446149863303,
    0.0006906845374032855,
    0.0007099276408553123,
    0.0006803455180488527
  ],
  "mae": [
    0.0784287229180336,
    0.046816494315862656,
    0.04031474515795708,
    0.03774891048669815,
    0.03515778109431267,
    0.032982777804136276,
    0.031230075284838676,
    0.030519114807248116,
    0.028948379680514336,
    0.02870711125433445,
    0.027277542278170586,
    0.025940071791410446,
    0.0244534183293581,
    0.024514392018318176,
    0.022250093519687653,
    0.02262396737933159,
    0.022151540964841843,
    0.02184685692191124,
    0.02202693559229374,
    0.02074773795902729,
    0.020331213250756264,
    0.020234128460288048,
    0.020539499819278717,
    0.020016752183437347
  ],
  "val_loss": [
    0.002496548695489764,
    0.002628984162583947,
    0.001998296706005931,
    0.0023434855975210667,
    0.0014627876225858927,
    0.0013362964382395148,
    0.0019265989540144801,
    0.0011745858937501907,
    0.0010035150917246938,
    0.001210560672916472,
    0.00155208061914891,
    0.0011405674740672112,
    0.0015945126069709659,
    0.0013684735167771578,
    0.0015123822959139943,
    0.001950961071997881,
    0.0014092038618400693,
    0.0025364395696669817,
    0.0014551610220223665,
    0.002304940717294812,
    0.0019932640716433525,
    0.002035764744505286,
    0.0021408749744296074,
    0.0018780535319820046
  ],
  "val_mae": [
    0.03892006352543831,
    0.04052405059337616,
    0.034185267984867096,
    0.03800620511174202,
    0.029138565063476562,
    0.02811090275645256,
    0.0329887717962265,
    0.02644343674182892,
    0.02466212399303913,
    0.026541925966739655,
    0.03046323172748089,
    0.025778217241168022,
    0.030389688909053802,
    0.028314258903265,
    0.0298420749604702,
    0.032703302800655365,
    0.028320085257291794,
    0.03703417629003525,
    0.028555212542414665,
    0.03554387390613556,
    0.032819923013448715,
    0.03372109308838844,
    0.034162379801273346,
    0.03193243592977524
  ],
  "lr": [
    0.0010000000474974513,
    0.0010000000474974513,
    0.0010000000474974513,
    0.0010000000474974513,
    0.0010000000474974513,
    0.0010000000474974513,
    0.0010000000474974513,
    0.0010000000474974513,
    0.0010000000474974513,
    0.0010000000474974513,
    0.0010000000474974513,
    0.0010000000474974513,
    0.0010000000474974513,
    0.0010000000474974513,
    0.0005000000237487257,
    0.0005000000237487257,
    0.0005000000237487257,
    0.0005000000237487257,
    0.0005000000237487257,
    0.0002500000118743628,
    0.0002500000118743628,
    0.0002500000118743628,
    0.0002500000118743628,
    0.0002500000118743628
  ]
}