{
  "experiment_name": "lstm_1981_no_guri",
  "model_type": "lstm",
  "timestamp": "2026-04-29T17:51:40.007987",
  "metrics": {
    "test": {
      "mae": 0.5967210531234741,
      "rmse": 0.7557581663131714,
      "nse": 0.952987790107727,
      "kge": 0.8614475967339149,
      "kge_r": 0.9840201008009903,
      "kge_alpha": 0.8633072972297668,
      "kge_beta": 0.9839838743209839
    },
    "val": {
      "mae": 0.38858577609062195,
      "rmse": 0.49597734212875366,
      "nse": 0.9754274487495422,
      "kge": 0.9384407475116662,
      "kge_r": 0.9889422183714052,
      "kge_alpha": 0.9398720860481262,
      "kge_beta": 0.9927957653999329
    }
  },
  "training": {
    "epochs_trained": 27,
    "best_epoch": 12,
    "final_train_loss": 0.0009754026541486382,
    "final_val_loss": 0.003572311718016863,
    "best_val_loss": 0.002029312774538994
  }
}