{
  "loss": [
    0.026291143149137497,
    0.005047748330980539,
    0.0038608021568506956,
    0.0034151244908571243,
    0.002788080368191004,
    0.0024315316695719957,
    0.0020224726758897305,
    0.001933953375555575,
    0.0018424800364300609,
    0.0016809996450319886,
    0.0016471799463033676,
    0.0015403887955471873,
    0.0014435099437832832,
    0.0013789208605885506,
    0.0013551133451983333,
    0.0012574804713949561,
    0.0011971457861363888,
    0.0011454627383500338,
    0.0010974047472700477,
    0.0010798295261338353,
    0.001066467259079218,
    0.0010297046974301338,
    0.0009759750100784004,
    0.000982485362328589,
    0.0009653044980950654,
    0.0009387756581418216,
    0.0009754026541486382
  ],
  "mae": [
    0.10180319100618362,
    0.053086891770362854,
    0.046644970774650574,
    0.043811310082674026,
    0.040092818439006805,
    0.03755609691143036,
    0.034370675683021545,
    0.033672817051410675,
    0.032926954329013824,
    0.03162764012813568,
    0.03128793090581894,
    0.030081717297434807,
    0.02934315986931324,
    0.028675135225057602,
    0.02845855802297592,
    0.027384256944060326,
    0.026796504855155945,
    0.026135537773370743,
    0.025451667606830597,
    0.02551320753991604,
    0.025271961465477943,
    0.02474202588200569,
    0.024122150614857674,
    0.024218928068876266,
    0.024061495438218117,
    0.023676663637161255,
    0.02406533621251583
  ],
  "val_loss": [
    0.002536708489060402,
    0.0033148995134979486,
    0.0037271655164659023,
    0.002526110503822565,
    0.003104517003521323,
    0.00271982466802001,
    0.0029796476010233164,
    0.0022521226201206446,
    0.0034564740490168333,
    0.0022576614283025265,
    0.003053102409467101,
    0.002029312774538994,
    0.00283906445838511,
    0.0030037020333111286,
    0.002935789991170168,
    0.0028508417308330536,
    0.003227310488000512,
    0.002953385002911091,
    0.0031523595098406076,
    0.0028767625335603952,
    0.0030442860443145037,
    0.003625858575105667,
    0.003455428872257471,
    0.003409950528293848,
    0.0032715413253754377,
    0.0036706114187836647,
    0.003572311718016863
  ],
  "val_mae": [
    0.03989659994840622,
    0.047693848609924316,
    0.04996461048722267,
    0.04035966843366623,
    0.04505954310297966,
    0.04102644324302673,
    0.04393841326236725,
    0.038002610206604004,
    0.048043955117464066,
    0.03798669949173927,
    0.04394465312361717,
    0.03529389947652817,
    0.04237371310591698,
    0.04386841878294945,
    0.04313516616821289,
    0.04183816909790039,
    0.04481363296508789,
    0.04249760881066322,
    0.04410054162144661,
    0.041340187191963196,
    0.04249228164553642,
    0.047815270721912384,
    0.04615103453397751,
    0.04607495293021202,
    0.04502468183636665,
    0.04745550453662872,
    0.04708553105592728
  ],
  "learning_rate": [
    0.0010000000474974513,
    0.0010000000474974513,
    0.0010000000474974513,
    0.0010000000474974513,
    0.0010000000474974513,
    0.0010000000474974513,
    0.0005000000237487257,
    0.0005000000237487257,
    0.0005000000237487257,
    0.0005000000237487257,
    0.0005000000237487257,
    0.0005000000237487257,
    0.0005000000237487257,
    0.0005000000237487257,
    0.0005000000237487257,
    0.0005000000237487257,
    0.0005000000237487257,
    0.0002500000118743628,
    0.0002500000118743628,
    0.0002500000118743628,
    0.0002500000118743628,
    0.0002500000118743628,
    0.0001250000059371814,
    0.0001250000059371814,
    0.0001250000059371814,
    0.0001250000059371814,
    0.0001250000059371814
  ]
}