{
  "experiment_name": "lstm_no_temp",
  "model_type": "lstm",
  "timestamp": "2026-05-06T17:59:43.870794",
  "metrics": {
    "test": {
      "mae": 0.3330899178981781,
      "rmse": 0.42644691467285156,
      "nse": -0.36178624629974365,
      "kge": 0.41858128408854245,
      "kge_r": 0.5008409099212452,
      "kge_alpha": 1.1806784868240356,
      "kge_beta": 0.7628434896469116
    },
    "val": {
      "mae": 0.41436776518821716,
      "rmse": 0.529224157333374,
      "nse": -1.213470458984375,
      "kge": 0.15911233390492496,
      "kge_r": 0.4654132292079265,
      "kge_alpha": 1.633746862411499,
      "kge_beta": 1.1402639150619507
    }
  },
  "training": {
    "epochs_trained": 21,
    "best_epoch": 6,
    "final_train_loss": 0.00043297294178046286,
    "final_val_loss": 0.0016494484152644873,
    "best_val_loss": 0.0009989525424316525
  }
}