{
  "loss": [
    0.007761219050735235,
    0.00202522543258965,
    0.0015783484559506178,
    0.0012022685259580612,
    0.0010193019406870008,
    0.0009256320190615952,
    0.0008236697176471353,
    0.000748487887904048,
    0.0006928739603608847,
    0.000678547250572592,
    0.0006066199275664985,
    0.0005547974724322557,
    0.0005529058980755508,
    0.0005187604110687971,
    0.0005138533306308091,
    0.000490472768433392,
    0.000468432524939999,
    0.00046378938714042306,
    0.0004581201355904341,
    0.0004569286829791963,
    0.00043297294178046286
  ],
  "mae": [
    0.08070963621139526,
    0.04761333763599396,
    0.04229572042822838,
    0.03709960728883743,
    0.03441280126571655,
    0.032925017178058624,
    0.031274594366550446,
    0.029681822285056114,
    0.02856813371181488,
    0.028336791321635246,
    0.026767672970891,
    0.025659238919615746,
    0.025587087497115135,
    0.024793965741991997,
    0.024685479700565338,
    0.024033743888139725,
    0.02353253960609436,
    0.02337823435664177,
    0.023264259099960327,
    0.023247400298714638,
    0.02254124917089939
  ],
  "val_loss": [
    0.0024744002148509026,
    0.0022388414945453405,
    0.0017853634199127555,
    0.0016113844467326999,
    0.002194308675825596,
    0.0009989525424316525,
    0.0012584337964653969,
    0.001251968671567738,
    0.0013141637900844216,
    0.002248679520562291,
    0.0026986785233020782,
    0.0013660952681675553,
    0.001150912488810718,
    0.001219394849613309,
    0.0013537573395296931,
    0.0013524936512112617,
    0.0015087807551026344,
    0.0016827303916215897,
    0.0018230233108624816,
    0.0015939438017085195,
    0.0016494484152644873
  ],
  "val_mae": [
    0.05304097756743431,
    0.050133928656578064,
    0.04519980028271675,
    0.04384846240282059,
    0.051767051219940186,
    0.03499724343419075,
    0.03875920549035072,
    0.0390070416033268,
    0.04002733528614044,
    0.05376533791422844,
    0.059900913387537,
    0.04117857292294502,
    0.037716761231422424,
    0.03893203288316727,
    0.04119274020195007,
    0.04126757010817528,
    0.04384927824139595,
    0.046557363122701645,
    0.04860991984605789,
    0.04523232579231262,
    0.04584544897079468
  ],
  "learning_rate": [
    0.0010000000474974513,
    0.0010000000474974513,
    0.0010000000474974513,
    0.0010000000474974513,
    0.0010000000474974513,
    0.0010000000474974513,
    0.0010000000474974513,
    0.0010000000474974513,
    0.0010000000474974513,
    0.0010000000474974513,
    0.0010000000474974513,
    0.0005000000237487257,
    0.0005000000237487257,
    0.0005000000237487257,
    0.0005000000237487257,
    0.0005000000237487257,
    0.0002500000118743628,
    0.0002500000118743628,
    0.0002500000118743628,
    0.0002500000118743628,
    0.0002500000118743628
  ]
}