{
  "experiment_name": "baseline_naive",
  "model_type": "naive",
  "timestamp": "2026-04-28T18:16:41.753067",
  "metrics": {
    "test": {
      "mae": 0.25862413288275,
      "rmse": 0.3575815435743061,
      "nse": 0.9892231275407585,
      "kge": 0.9934410302219098,
      "kge_r": 0.994638140022162,
      "kge_alpha": 1.0019379709116105,
      "kge_beta": 1.0032426549112898
    },
    "test_naive": {
      "mae": 0.25862413288275,
      "rmse": 0.3575815435743061,
      "nse": 0.9892231275407585,
      "kge": 0.9934410302219098,
      "kge_r": 0.994638140022162,
      "kge_alpha": 1.0019379709116105,
      "kge_beta": 1.0032426549112898
    },
    "test_seasonal": {
      "mae": 1.2304713395509117,
      "rmse": 1.64864990200178,
      "nse": 0.7709135323178224,
      "kge": 0.8835661879495127,
      "kge_r": 0.8890297969405264,
      "kge_alpha": 1.0200968538904154,
      "kge_beta": 1.0289579537477131
    }
  }
}