{
  "experiment_name": "ensemble_lb150_lags_xl",
  "model_type": "lstm_ensemble_n5",
  "n_members": 5,
  "seeds": [
    42,
    123,
    456,
    789,
    1011
  ],
  "metrics": {
    "test": {
      "mae": 0.13320596516132355,
      "rmse": 0.199920654296875,
      "nse": 0.9958351850509644,
      "kge": 0.9937568540906246,
      "kge_r": 0.9979479806789845,
      "kge_alpha": 1.0057393312454224,
      "kge_beta": 0.9986486434936523
    },
    "val": {
      "mae": 0.157216876745224,
      "rmse": 0.230899840593338,
      "nse": 0.9950897693634033,
      "kge": 0.994667178143659,
      "kge_r": 0.997579188858958,
      "kge_alpha": 0.9989933967590332,
      "kge_beta": 0.9953561425209045
    }
  },
  "config": {
    "lookback": 150,
    "use_residual": true
  }
}