{
  "experiment_name": "ensemble_lb150_lags_xl",
  "model_type": "lstm_ensemble_n5",
  "n_members": 5,
  "seeds": [
    42,
    123,
    456,
    789,
    1011
  ],
  "metrics": {
    "test": {
      "mae": 0.13331498205661774,
      "rmse": 0.19931954145431519,
      "nse": 0.995860202703625,
      "kge": 0.9943469360085433,
      "kge_r": 0.9979548286445041,
      "kge_alpha": 1.0052577257156372,
      "kge_beta": 1.0003615617752075
    },
    "val": {
      "mae": 0.15662355720996857,
      "rmse": 0.22962035238742828,
      "nse": 0.9951440230943263,
      "kge": 0.9951318093013486,
      "kge_r": 0.9975903281458243,
      "kge_alpha": 0.9977044463157654,
      "kge_beta": 0.9964470863342285
    }
  },
  "config": {
    "lookback": 150,
    "use_residual": true
  }
}