{
  "experiment_name": "lstm_xl",
  "model_type": "lstm",
  "timestamp": "2026-04-28T19:42:28.553149",
  "metrics": {
    "test": {
      "mae": 0.4275457262992859,
      "rmse": 0.5418848991394043,
      "nse": 0.9746240302920341,
      "kge": 0.9069912927419035,
      "kge_r": 0.9907948562340215,
      "kge_alpha": 0.9077565670013428,
      "kge_beta": 0.9924479126930237
    },
    "val": {
      "mae": 0.22219499945640564,
      "rmse": 0.2906883955001831,
      "nse": 0.9922982780262828,
      "kge": 0.9726889886104473,
      "kge_r": 0.9964187071960209,
      "kge_alpha": 0.9729248285293579,
      "kge_beta": 0.9999721646308899
    }
  },
  "training": {
    "epochs_trained": 20,
    "best_epoch": 5,
    "final_train_loss": 0.0005787196569144726,
    "final_val_loss": 0.0010158686200156808,
    "best_val_loss": 0.000782752234954387
  }
}