{
  "loss": [
    0.009164225310087204,
    0.0028531192801892757,
    0.0022847414948046207,
    0.0018469338538125157,
    0.0015625013038516045,
    0.001360913272947073,
    0.001202992512844503,
    0.0010576661443337798,
    0.0009940696181729436,
    0.0008855755440890789,
    0.0009021725272759795,
    0.0009046233026310802,
    0.0007268924964591861,
    0.0007354418630711734,
    0.0006903728935867548,
    0.0006857152911834419,
    0.0006992578273639083,
    0.0006031449302099645,
    0.0005935521912761033,
    0.0005787196569144726
  ],
  "mae": [
    0.06071673333644867,
    0.03922664001584053,
    0.03527798503637314,
    0.03178941458463669,
    0.029472872614860535,
    0.027411237359046936,
    0.025783611461520195,
    0.02406301721930504,
    0.023472337052226067,
    0.022148652002215385,
    0.022396057844161987,
    0.02243010886013508,
    0.020080259069800377,
    0.02032395265996456,
    0.019613640382885933,
    0.019585195928812027,
    0.019740061834454536,
    0.018363479524850845,
    0.01834096945822239,
    0.01796809211373329
  ],
  "val_loss": [
    0.0016345460899174213,
    0.0008378742495551705,
    0.0011131656356155872,
    0.0009032310917973518,
    0.000782752234954387,
    0.0009441939182579517,
    0.0009080749005079269,
    0.0009014247916638851,
    0.001086198491975665,
    0.0009099500603042543,
    0.0009321263642050326,
    0.0008636908023618162,
    0.001064986689016223,
    0.0008465262944810092,
    0.0010691917268559337,
    0.0008867130381986499,
    0.0011644621845334768,
    0.0009690263541415334,
    0.0010503060184419155,
    0.0010158686200156808
  ],
  "val_mae": [
    0.03054051473736763,
    0.02243759296834469,
    0.02576012723147869,
    0.023886382579803467,
    0.021385468542575836,
    0.023062847554683685,
    0.02403942309319973,
    0.02307211235165596,
    0.02560489811003208,
    0.023563776165246964,
    0.024174511432647705,
    0.022667162120342255,
    0.026090754196047783,
    0.022216005250811577,
    0.025984037667512894,
    0.022577334195375443,
    0.02792390249669552,
    0.024342386052012444,
    0.025442205369472504,
    0.024942638352513313
  ],
  "lr": [
    0.0010000000474974513,
    0.0010000000474974513,
    0.0010000000474974513,
    0.0010000000474974513,
    0.0010000000474974513,
    0.0010000000474974513,
    0.0010000000474974513,
    0.0005000000237487257,
    0.0005000000237487257,
    0.0005000000237487257,
    0.0005000000237487257,
    0.0005000000237487257,
    0.0002500000118743628,
    0.0002500000118743628,
    0.0002500000118743628,
    0.0002500000118743628,
    0.0002500000118743628,
    0.0001250000059371814,
    0.0001250000059371814,
    0.0001250000059371814
  ]
}