{
  "experiment_name": "lstm_lookback90",
  "model_type": "lstm",
  "timestamp": "2026-04-28T19:37:56.570481",
  "metrics": {
    "test": {
      "mae": 0.5641220211982727,
      "rmse": 0.7150573134422302,
      "nse": 0.9563005492091179,
      "kge": 0.8792758232454412,
      "kge_r": 0.983328313103495,
      "kge_alpha": 0.8805417418479919,
      "kge_beta": 0.994890570640564
    },
    "val": {
      "mae": 0.26350247859954834,
      "rmse": 0.34491166472435,
      "nse": 0.9893629346042871,
      "kge": 0.9722200855261555,
      "kge_r": 0.9951016353821694,
      "kge_alpha": 0.9757155776023865,
      "kge_beta": 1.0125696659088135
    }
  },
  "training": {
    "epochs_trained": 19,
    "best_epoch": 4,
    "final_train_loss": 0.0010361705208197236,
    "final_val_loss": 0.0021979764569550753,
    "best_val_loss": 0.0011020078090950847
  }
}