{
  "loss": [
    0.024432005360722542,
    0.006333875935524702,
    0.0047671073116362095,
    0.003538696328178048,
    0.0030315774492919445,
    0.0024389761965721846,
    0.0021948053035885096,
    0.0019798297435045242,
    0.0018864097073674202,
    0.001548159052617848,
    0.001341151655651629,
    0.001364080817438662,
    0.001262366189621389,
    0.0012074502883479,
    0.0011502119014039636,
    0.0011162151349708438,
    0.0010822387412190437,
    0.0010422579944133759,
    0.0010361705208197236
  ],
  "mae": [
    0.10254424810409546,
    0.0586935393512249,
    0.05070196092128754,
    0.044154249131679535,
    0.04100446775555611,
    0.03725534677505493,
    0.035509802401065826,
    0.033696118742227554,
    0.03312306851148605,
    0.029947832226753235,
    0.02815582975745201,
    0.028203917667269707,
    0.027102496474981308,
    0.026797393336892128,
    0.026107268407940865,
    0.02576051838696003,
    0.025264456868171692,
    0.024985769763588905,
    0.02471434697508812
  ],
  "val_loss": [
    0.002146337414160371,
    0.0034239226952195168,
    0.0013992551248520613,
    0.0011020078090950847,
    0.0011776932515203953,
    0.001595639856532216,
    0.0013469532132148743,
    0.001525122090242803,
    0.0018556254217401147,
    0.0016108750132843852,
    0.0016319577116519213,
    0.0019825466442853212,
    0.001816179952584207,
    0.0022661893162876368,
    0.0019051196286454797,
    0.0024145045317709446,
    0.002580704865977168,
    0.0022731709759682417,
    0.0021979764569550753
  ],
  "val_mae": [
    0.03478613868355751,
    0.04580455645918846,
    0.028792396187782288,
    0.025361161679029465,
    0.02648077718913555,
    0.03074711374938488,
    0.02775837853550911,
    0.03011450543999672,
    0.03244306892156601,
    0.030354062095284462,
    0.03037066012620926,
    0.03355357423424721,
    0.032022278755903244,
    0.034863248467445374,
    0.03212398290634155,
    0.036170780658721924,
    0.03699377179145813,
    0.03505789116024971,
    0.034345198422670364
  ],
  "lr": [
    0.0010000000474974513,
    0.0010000000474974513,
    0.0010000000474974513,
    0.0010000000474974513,
    0.0010000000474974513,
    0.0010000000474974513,
    0.0010000000474974513,
    0.0010000000474974513,
    0.0010000000474974513,
    0.0005000000237487257,
    0.0005000000237487257,
    0.0005000000237487257,
    0.0005000000237487257,
    0.0005000000237487257,
    0.0002500000118743628,
    0.0002500000118743628,
    0.0002500000118743628,
    0.0002500000118743628,
    0.0002500000118743628
  ]
}