{
  "experiment_name": "baseline_guri",
  "model_type": "naive",
  "timestamp": "2026-04-29T18:52:28.433711",
  "metrics": {
    "test": {
      "mae": 0.26075204012790065,
      "rmse": 0.36571532223650277,
      "nse": 0.9890807035447767,
      "kge": 0.9914224628861179,
      "kge_r": 0.9946091684274994,
      "kge_alpha": 1.0025946685666036,
      "kge_beta": 1.006146606618813
    },
    "test_naive": {
      "mae": 0.26075204012790065,
      "rmse": 0.36571532223650277,
      "nse": 0.9890807035447767,
      "kge": 0.9914224628861179,
      "kge_r": 0.9946091684274994,
      "kge_alpha": 1.0025946685666036,
      "kge_beta": 1.006146606618813
    },
    "test_seasonal": {
      "mae": 1.2165198200479703,
      "rmse": 1.7280294091951935,
      "nse": 0.756212966020211,
      "kge": 0.8406642427803246,
      "kge_r": 0.8990411701729694,
      "kge_alpha": 1.002394046099435,
      "kge_beta": 1.1232455546946736
    }
  }
}