{
  "experiment_name": "lstm_v7_palua",
  "model_type": "lstm",
  "timestamp": "2026-05-01T00:47:04.124248",
  "metrics": {
    "test": {
      "mae": 0.15666010975837708,
      "rmse": 0.22523429989814758,
      "nse": 0.9958537220954895,
      "kge": 0.993228858927384,
      "kge_r": 0.9979707855641297,
      "kge_alpha": 0.9969486594200134,
      "kge_beta": 0.9943061470985413
    },
    "val": {
      "mae": 0.1181289404630661,
      "rmse": 0.1675345003604889,
      "nse": 0.9971129298210144,
      "kge": 0.9949276061079396,
      "kge_r": 0.9985925000125051,
      "kge_alpha": 0.998881459236145,
      "kge_beta": 0.9952569007873535
    }
  },
  "training": {
    "epochs_trained": 35,
    "best_epoch": 20,
    "final_train_loss": 0.0039625149220228195,
    "final_val_loss": 0.003198202233761549,
    "best_val_loss": 0.0031411410309374332
  }
}