{
  "loss": [
    0.01467975601553917,
    0.006319222506135702,
    0.00577968917787075,
    0.005366668105125427,
    0.005071565043181181,
    0.004821857437491417,
    0.004658547695726156,
    0.004519547801464796,
    0.004444255027920008,
    0.004419313278049231,
    0.004374181851744652,
    0.004339525476098061,
    0.004306488670408726,
    0.004260676447302103,
    0.0042424011044204235,
    0.004204674623906612,
    0.004148693755269051,
    0.0041307550854980946,
    0.004129940643906593,
    0.0040977164171636105,
    0.004087894223630428,
    0.004064228851348162,
    0.0040558078326284885,
    0.004047381691634655,
    0.004044217057526112,
    0.0040237451903522015,
    0.0040075271390378475,
    0.004006050527095795,
    0.003996060695499182,
    0.003975255414843559,
    0.003994806669652462,
    0.003974013961851597,
    0.003969466779381037,
    0.003967567812651396,
    0.0039625149220228195
  ],
  "mae": [
    0.08541141450405121,
    0.059813398867845535,
    0.05673480033874512,
    0.05387820303440094,
    0.05213214084506035,
    0.05042922869324684,
    0.049404699355363846,
    0.048322323709726334,
    0.0480048842728138,
    0.04765894636511803,
    0.047255370765924454,
    0.04710555076599121,
    0.04684261232614517,
    0.046524420380592346,
    0.04633794352412224,
    0.046088676899671555,
    0.04571785032749176,
    0.045608002692461014,
    0.045535799115896225,
    0.04536893218755722,
    0.045320380479097366,
    0.045171722769737244,
    0.04510164633393288,
    0.04505779966711998,
    0.045022908598184586,
    0.04489823803305626,
    0.044793806970119476,
    0.04481057822704315,
    0.04476504027843475,
    0.04462916776537895,
    0.04469820857048035,
    0.044627461582422256,
    0.044565219432115555,
    0.04460018128156662,
    0.04455156624317169
  ],
  "val_loss": [
    0.003871802007779479,
    0.0033367553260177374,
    0.003504085587337613,
    0.00350120454095304,
    0.0033075071405619383,
    0.0035110902972519398,
    0.003395606065168977,
    0.0032743625342845917,
    0.0033254241570830345,
    0.0032870906870812178,
    0.003190519055351615,
    0.003229844383895397,
    0.003202208783477545,
    0.003190204966813326,
    0.0031451834365725517,
    0.00315271713770926,
    0.003286762861534953,
    0.0032463478855788708,
    0.0032385694794356823,
    0.0031411410309374332,
    0.0032351885456591845,
    0.0032265898771584034,
    0.0031709640752524137,
    0.003262568498030305,
    0.003219523699954152,
    0.0031693989876657724,
    0.0032082463148981333,
    0.0031917858868837357,
    0.0032298904843628407,
    0.003192322561517358,
    0.0032104530837386847,
    0.003219331381842494,
    0.0032070442102849483,
    0.003194553777575493,
    0.003198202233761549
  ],
  "val_mae": [
    0.046575192362070084,
    0.042293038219213486,
    0.04377998039126396,
    0.043764371424913406,
    0.042213279753923416,
    0.04398790001869202,
    0.04300614446401596,
    0.04189137741923332,
    0.04238110035657883,
    0.042079340666532516,
    0.04124666377902031,
    0.04154777154326439,
    0.04131750017404556,
    0.04128621518611908,
    0.04094685986638069,
    0.041018832474946976,
    0.04211638867855072,
    0.04178275167942047,
    0.041736312210559845,
    0.04097360372543335,
    0.04171721264719963,
    0.0416642427444458,
    0.04119845852255821,
    0.04194757714867592,
    0.041617535054683685,
    0.04119709134101868,
    0.041520729660987854,
    0.04138549789786339,
    0.0416901558637619,
    0.041406214237213135,
    0.041556861251592636,
    0.041624750941991806,
    0.04154087230563164,
    0.041438158601522446,
    0.041465383023023605
  ],
  "learning_rate": [
    0.0010000000474974513,
    0.0010000000474974513,
    0.0010000000474974513,
    0.0010000000474974513,
    0.0010000000474974513,
    0.0010000000474974513,
    0.0010000000474974513,
    0.0005000000237487257,
    0.0005000000237487257,
    0.0005000000237487257,
    0.0005000000237487257,
    0.0005000000237487257,
    0.0005000000237487257,
    0.0005000000237487257,
    0.0005000000237487257,
    0.0005000000237487257,
    0.0002500000118743628,
    0.0002500000118743628,
    0.0002500000118743628,
    0.0002500000118743628,
    0.0002500000118743628,
    0.0001250000059371814,
    0.0001250000059371814,
    0.0001250000059371814,
    0.0001250000059371814,
    0.0001250000059371814,
    6.25000029685907e-05,
    6.25000029685907e-05,
    6.25000029685907e-05,
    6.25000029685907e-05,
    6.25000029685907e-05,
    3.125000148429535e-05,
    3.125000148429535e-05,
    3.125000148429535e-05,
    3.125000148429535e-05
  ]
}