{
  "experiment_name": "lstm_v4_diff",
  "model_type": "lstm",
  "timestamp": "2026-04-30T23:40:27.955515",
  "metrics": {
    "test": {
      "mae": 0.16155864298343658,
      "rmse": 0.23173902928829193,
      "nse": 0.995610773563385,
      "kge": 0.9909567473323373,
      "kge_r": 0.9979126606519934,
      "kge_alpha": 0.9994863867759705,
      "kge_beta": 0.9912159442901611
    },
    "val": {
      "mae": 0.12392813712358475,
      "rmse": 0.17580090463161469,
      "nse": 0.9968209862709045,
      "kge": 0.991260938907496,
      "kge_r": 0.9984972854590105,
      "kge_alpha": 1.0062313079833984,
      "kge_beta": 0.9940599799156189
    }
  },
  "training": {
    "epochs_trained": 53,
    "best_epoch": 38,
    "final_train_loss": 0.005180098582059145,
    "final_val_loss": 0.0032646874897181988,
    "best_val_loss": 0.0032267016358673573
  }
}