{
  "loss": [
    0.03457598015666008,
    0.00961608812212944,
    0.008375069126486778,
    0.00787767581641674,
    0.007403362076729536,
    0.007042869459837675,
    0.006826087366789579,
    0.006628652568906546,
    0.006483621895313263,
    0.006337842904031277,
    0.006226065568625927,
    0.006050064228475094,
    0.006032190751284361,
    0.005925120785832405,
    0.005808356683701277,
    0.00576041080057621,
    0.005658249836415052,
    0.0055979290045797825,
    0.005540676414966583,
    0.005489473231136799,
    0.005505769979208708,
    0.005422120448201895,
    0.005414629355072975,
    0.005402410868555307,
    0.005372919607907534,
    0.0053810253739356995,
    0.005326802376657724,
    0.005311449058353901,
    0.005315024871379137,
    0.005282134748995304,
    0.0052229007706046104,
    0.0052283452823758125,
    0.005230328533798456,
    0.005218544043600559,
    0.005224914755672216,
    0.005214034114032984,
    0.005207034759223461,
    0.005172697827219963,
    0.005159249994903803,
    0.0051932078786194324,
    0.005184997338801622,
    0.005158815532922745,
    0.005170572083443403,
    0.005167645402252674,
    0.005188990384340286,
    0.005180456675589085,
    0.0051485043950378895,
    0.005151862744241953,
    0.005121284630149603,
    0.0051451995968818665,
    0.005141296423971653,
    0.0051812101155519485,
    0.005180098582059145
  ],
  "mae": [
    0.13324753940105438,
    0.07594753056764603,
    0.07021386921405792,
    0.06774348765611649,
    0.06542106717824936,
    0.06332864612340927,
    0.06247298792004585,
    0.06148024648427963,
    0.06057395040988922,
    0.05983125790953636,
    0.059200629591941833,
    0.05814964324235916,
    0.0579700730741024,
    0.05743088200688362,
    0.05673122778534889,
    0.05631965026259422,
    0.0557909831404686,
    0.0554080493748188,
    0.05500103533267975,
    0.05478094518184662,
    0.05482754111289978,
    0.05423009395599365,
    0.05423809215426445,
    0.05417332053184509,
    0.053971920162439346,
    0.05403970554471016,
    0.05358497425913811,
    0.05353869870305061,
    0.05361197516322136,
    0.05347828567028046,
    0.05320320278406143,
    0.053154900670051575,
    0.053154729306697845,
    0.052961960434913635,
    0.0530628077685833,
    0.0529717355966568,
    0.052858203649520874,
    0.052770305424928665,
    0.05268730968236923,
    0.052801694720983505,
    0.05272896960377693,
    0.05264197662472725,
    0.05270714685320854,
    0.05265793949365616,
    0.05282903090119362,
    0.05284367874264717,
    0.052722979336977005,
    0.05270477384328842,
    0.05242924764752388,
    0.05268377810716629,
    0.05252734571695328,
    0.05273604765534401,
    0.05268238112330437
  ],
  "val_loss": [
    0.004952132701873779,
    0.00456611905246973,
    0.004200407303869724,
    0.003754199482500553,
    0.004068709444254637,
    0.0038066792767494917,
    0.0037187759298831224,
    0.0035119676031172276,
    0.0036611950490623713,
    0.0035910275764763355,
    0.0036707723047584295,
    0.0034071539994329214,
    0.0036197341978549957,
    0.0034018270671367645,
    0.0036223866045475006,
    0.003358014626428485,
    0.003373931162059307,
    0.0034541403874754906,
    0.0033470771741122007,
    0.003465501358732581,
    0.0033245540689677,
    0.0033731518778949976,
    0.0033205891959369183,
    0.0033581641037017107,
    0.0033231074921786785,
    0.0033247480168938637,
    0.0032928804866969585,
    0.003291265107691288,
    0.0033015566878020763,
    0.003229484660550952,
    0.0033211177214980125,
    0.0032908867578953505,
    0.003230852307751775,
    0.0033085602335631847,
    0.0033249985426664352,
    0.0032443746458739042,
    0.0033075117971748114,
    0.0032267016358673573,
    0.0032503358088433743,
    0.0032537314109504223,
    0.0032476093620061874,
    0.003239791141822934,
    0.003299577161669731,
    0.0032644018065184355,
    0.0032623987644910812,
    0.0032524357084184885,
    0.0032515767961740494,
    0.0032700751908123493,
    0.003257273230701685,
    0.0032827609684318304,
    0.0032611519563943148,
    0.0032708498183637857,
    0.0032646874897181988
  ],
  "val_mae": [
    0.053758297115564346,
    0.05133255571126938,
    0.04876033961772919,
    0.0454709492623806,
    0.04787823557853699,
    0.04596361145377159,
    0.04525505378842354,
    0.043662212789058685,
    0.04494289308786392,
    0.04435432329773903,
    0.04502541944384575,
    0.04288405925035477,
    0.04466588422656059,
    0.04285623878240585,
    0.04471426457166672,
    0.042477723211050034,
    0.04265856742858887,
    0.043380457907915115,
    0.04245886579155922,
    0.043492577970027924,
    0.04227656498551369,
    0.04269784688949585,
    0.042302098125219345,
    0.042610976845026016,
    0.04229935631155968,
    0.0422954261302948,
    0.042030610144138336,
    0.042037662118673325,
    0.04210258647799492,
    0.04149598628282547,
    0.042274776846170425,
    0.04202669486403465,
    0.041529979556798935,
    0.042200226336717606,
    0.04235037788748741,
    0.04166664183139801,
    0.04222558066248894,
    0.041523948311805725,
    0.04171689227223396,
    0.04174423962831497,
    0.04170363023877144,
    0.04164082556962967,
    0.04213316738605499,
    0.04183753579854965,
    0.04181677848100662,
    0.04172356054186821,
    0.041723206639289856,
    0.04188549891114235,
    0.04178130626678467,
    0.041998814791440964,
    0.04181036353111267,
    0.04190007224678993,
    0.04184471070766449
  ],
  "learning_rate": [
    9.999999747378752e-05,
    9.999999747378752e-05,
    9.999999747378752e-05,
    9.999999747378752e-05,
    9.999999747378752e-05,
    9.999999747378752e-05,
    9.999999747378752e-05,
    9.999999747378752e-05,
    9.999999747378752e-05,
    9.999999747378752e-05,
    9.999999747378752e-05,
    9.999999747378752e-05,
    9.999999747378752e-05,
    9.999999747378752e-05,
    9.999999747378752e-05,
    9.999999747378752e-05,
    9.999999747378752e-05,
    4.999999873689376e-05,
    4.999999873689376e-05,
    4.999999873689376e-05,
    4.999999873689376e-05,
    4.999999873689376e-05,
    2.499999936844688e-05,
    2.499999936844688e-05,
    2.499999936844688e-05,
    2.499999936844688e-05,
    2.499999936844688e-05,
    2.499999936844688e-05,
    2.499999936844688e-05,
    2.499999936844688e-05,
    2.499999936844688e-05,
    2.499999936844688e-05,
    1.249999968422344e-05,
    1.249999968422344e-05,
    1.249999968422344e-05,
    1.249999968422344e-05,
    1.249999968422344e-05,
    6.24999984211172e-06,
    6.24999984211172e-06,
    6.24999984211172e-06,
    6.24999984211172e-06,
    6.24999984211172e-06,
    3.12499992105586e-06,
    3.12499992105586e-06,
    3.12499992105586e-06,
    3.12499992105586e-06,
    3.12499992105586e-06,
    1.56249996052793e-06,
    1.56249996052793e-06,
    1.56249996052793e-06,
    1.56249996052793e-06,
    1.56249996052793e-06,
    9.999999974752427e-07
  ]
}