{
  "experiment_name": "lstm_residual_guri",
  "model_type": "lstm",
  "timestamp": "2026-04-29T18:52:39.967629",
  "metrics": {
    "test": {
      "mae": 0.1754518449306488,
      "rmse": 0.254428505897522,
      "nse": 0.994495487306267,
      "kge": 0.9952785667706867,
      "kge_r": 0.9972656937196896,
      "kge_alpha": 1.0038442611694336,
      "kge_beta": 0.9998072385787964
    },
    "val": {
      "mae": 0.1656477153301239,
      "rmse": 0.23684413731098175,
      "nse": 0.995039819739759,
      "kge": 0.9954090845200911,
      "kge_r": 0.9975187013207908,
      "kge_alpha": 0.9962342977523804,
      "kge_beta": 1.0008597373962402
    }
  },
  "training": {
    "epochs_trained": 18,
    "best_epoch": 3,
    "final_train_loss": 0.0002313938457518816,
    "final_val_loss": 0.00043998745968565345,
    "best_val_loss": 0.0004001624183729291
  }
}