{
  "loss": [
    0.0010356776183471084,
    0.00035620227572508156,
    0.0003146305389236659,
    0.00029239317518658936,
    0.000280201667919755,
    0.00027040447457693517,
    0.0002613462565932423,
    0.0002586935006547719,
    0.00025489061954431236,
    0.0002528695622459054,
    0.0002487197343725711,
    0.00024330767337232828,
    0.00024094419495668262,
    0.0002387434069532901,
    0.00023771333508193493,
    0.00023535157379228622,
    0.00023105538275558501,
    0.0002313938457518816
  ],
  "mae": [
    0.021050186827778816,
    0.013666673563420773,
    0.01272781752049923,
    0.012245925143361092,
    0.011935550719499588,
    0.011721250601112843,
    0.011551596224308014,
    0.011469194665551186,
    0.011383716017007828,
    0.01132834330201149,
    0.011256331577897072,
    0.011113997548818588,
    0.011084557510912418,
    0.011036529205739498,
    0.010996848344802856,
    0.01097654178738594,
    0.010859526693820953,
    0.010860799811780453
  ],
  "val_loss": [
    0.0004698968550655991,
    0.0004341557214502245,
    0.0004001624183729291,
    0.00040451536187902093,
    0.00041638556285761297,
    0.0004184219578746706,
    0.00041205939487554133,
    0.00041865563252940774,
    0.00044054139289073646,
    0.000454699678812176,
    0.00042690744157880545,
    0.0004161368706263602,
    0.00045182841131463647,
    0.00042222675983794034,
    0.0004259433480910957,
    0.00042912588105537,
    0.00045480686821974814,
    0.00043998745968565345
  ],
  "val_mae": [
    0.015542523004114628,
    0.014447329565882683,
    0.01399078220129013,
    0.014020750299096107,
    0.014418846927583218,
    0.014260858297348022,
    0.014281156472861767,
    0.014253241010010242,
    0.014579066075384617,
    0.014876186847686768,
    0.014364974573254585,
    0.014199050143361092,
    0.014781990088522434,
    0.014275923371315002,
    0.0143376300111413,
    0.014344857074320316,
    0.014836563728749752,
    0.014577673748135567
  ],
  "lr": [
    0.0010000000474974513,
    0.0010000000474974513,
    0.0010000000474974513,
    0.0010000000474974513,
    0.0010000000474974513,
    0.0010000000474974513,
    0.0005000000237487257,
    0.0005000000237487257,
    0.0005000000237487257,
    0.0005000000237487257,
    0.0005000000237487257,
    0.0002500000118743628,
    0.0002500000118743628,
    0.0002500000118743628,
    0.0002500000118743628,
    0.0002500000118743628,
    0.0001250000059371814,
    0.0001250000059371814
  ]
}