{
  "experiment_name": "ensemble_residual_lb90_lags_xl",
  "model_type": "lstm_ensemble_n5",
  "n_members": 5,
  "seeds": [
    42,
    123,
    456,
    789,
    1011
  ],
  "metrics": {
    "test": {
      "mae": 0.14644376933574677,
      "rmse": 0.22137324512004852,
      "nse": 0.9950926220044494,
      "kge": 0.9967651584992819,
      "kge_r": 0.997552570673615,
      "kge_alpha": 1.0002843141555786,
      "kge_beta": 0.9979039430618286
    },
    "val": {
      "mae": 0.1572551131248474,
      "rmse": 0.23048865795135498,
      "nse": 0.9951466815546155,
      "kge": 0.9959979081999608,
      "kge_r": 0.9975848539732508,
      "kge_alpha": 0.9987872838973999,
      "kge_beta": 0.9970481991767883
    }
  },
  "config": {
    "lookback": 90,
    "use_residual": true
  }
}